"filename", "language", "Python", "Properties", "Shell Script", "JSON", "C", "JavaScript", "CSS", "XML", "comment", "blank", "total"
"/home/amirhosein/Desktop/OOVEST/Backend/BotServer/.idea/BotServer.iml", "XML", 0, 0, 0, 0, 0, 0, 0, 10, 0, 0, 10
"/home/amirhosein/Desktop/OOVEST/Backend/BotServer/.idea/inspectionProfiles/profiles_settings.xml", "XML", 0, 0, 0, 0, 0, 0, 0, 6, 0, 0, 6
"/home/amirhosein/Desktop/OOVEST/Backend/BotServer/.idea/misc.xml", "XML", 0, 0, 0, 0, 0, 0, 0, 7, 0, 0, 7
"/home/amirhosein/Desktop/OOVEST/Backend/BotServer/.idea/modules.xml", "XML", 0, 0, 0, 0, 0, 0, 0, 8, 0, 0, 8
"/home/amirhosein/Desktop/OOVEST/Backend/BotServer/API/bitfinex.py", "Python", 39, 0, 0, 0, 0, 0, 0, 0, 0, 11, 50
"/home/amirhosein/Desktop/OOVEST/Backend/BotServer/API/bittrex.py", "Python", 152, 0, 0, 0, 0, 0, 0, 0, 302, 43, 497
"/home/amirhosein/Desktop/OOVEST/Backend/BotServer/API/mainserver.py", "Python", 109, 0, 0, 0, 0, 0, 0, 0, 7, 25, 141
"/home/amirhosein/Desktop/OOVEST/Backend/BotServer/API/nobitex.py", "Python", 27, 0, 0, 0, 0, 0, 0, 0, 34, 13, 74
"/home/amirhosein/Desktop/OOVEST/Backend/BotServer/API/poloniex.py", "Python", 70, 0, 0, 0, 0, 0, 0, 0, 58, 29, 157
"/home/amirhosein/Desktop/OOVEST/Backend/BotServer/Analysis/backtest_strategy.py", "Python", 75, 0, 0, 0, 0, 0, 0, 0, 7, 19, 101
"/home/amirhosein/Desktop/OOVEST/Backend/BotServer/Analysis/bot_strategy.py", "Python", 45, 0, 0, 0, 0, 0, 0, 0, 0, 14, 59
"/home/amirhosein/Desktop/OOVEST/Backend/BotServer/Artificial_Intelligence/Machine_Learning/svm.py", "Python", 0, 0, 0, 0, 0, 0, 0, 0, 0, 1, 1
"/home/amirhosein/Desktop/OOVEST/Backend/BotServer/BackTest/backtest.py", "Python", 10, 0, 0, 0, 0, 0, 0, 0, 0, 7, 17
"/home/amirhosein/Desktop/OOVEST/Backend/BotServer/GUI/repeatkernel.py", "Python", 10, 0, 0, 0, 0, 0, 0, 0, 7, 5, 22
"/home/amirhosein/Desktop/OOVEST/Backend/BotServer/GUI/visualize_backtest.py", "Python", 6, 0, 0, 0, 0, 0, 0, 0, 5, 4, 15
"/home/amirhosein/Desktop/OOVEST/Backend/BotServer/Indicators/adx.py", "Python", 51, 0, 0, 0, 0, 0, 0, 0, 0, 24, 75
"/home/amirhosein/Desktop/OOVEST/Backend/BotServer/Indicators/ao.py", "Python", 17, 0, 0, 0, 0, 0, 0, 0, 0, 6, 23
"/home/amirhosein/Desktop/OOVEST/Backend/BotServer/Indicators/atr.py", "Python", 25, 0, 0, 0, 0, 0, 0, 0, 0, 10, 35
"/home/amirhosein/Desktop/OOVEST/Backend/BotServer/Indicators/cmf.py", "Python", 26, 0, 0, 0, 0, 0, 0, 0, 0, 8, 34
"/home/amirhosein/Desktop/OOVEST/Backend/BotServer/Indicators/ema.py", "Python", 12, 0, 0, 0, 0, 0, 0, 0, 0, 4, 16
"/home/amirhosein/Desktop/OOVEST/Backend/BotServer/Indicators/ichimoku.py", "Python", 34, 0, 0, 0, 0, 0, 0, 0, 0, 11, 45
"/home/amirhosein/Desktop/OOVEST/Backend/BotServer/Indicators/macd.py", "Python", 14, 0, 0, 0, 0, 0, 0, 0, 0, 9, 23
"/home/amirhosein/Desktop/OOVEST/Backend/BotServer/Indicators/mfi.py", "Python", 33, 0, 0, 0, 0, 0, 0, 0, 0, 10, 43
"/home/amirhosein/Desktop/OOVEST/Backend/BotServer/Indicators/momentum.py", "Python", 7, 0, 0, 0, 0, 0, 0, 0, 0, 2, 9
"/home/amirhosein/Desktop/OOVEST/Backend/BotServer/Indicators/moving_average.py", "Python", 7, 0, 0, 0, 0, 0, 0, 0, 0, 2, 9
"/home/amirhosein/Desktop/OOVEST/Backend/BotServer/Indicators/rsi.py", "Python", 33, 0, 0, 0, 0, 0, 0, 0, 0, 7, 40
"/home/amirhosein/Desktop/OOVEST/Backend/BotServer/Indicators/stochastic.py", "Python", 26, 0, 0, 0, 0, 0, 0, 0, 0, 10, 36
"/home/amirhosein/Desktop/OOVEST/Backend/BotServer/Log/log.py", "Python", 5, 0, 0, 0, 0, 0, 0, 0, 4, 1, 10
"/home/amirhosein/Desktop/OOVEST/Backend/BotServer/Main/main.py", "Python", 15, 0, 0, 0, 0, 0, 0, 0, 0, 7, 22
"/home/amirhosein/Desktop/OOVEST/Backend/BotServer/Main/robot.py", "Python", 112, 0, 0, 0, 0, 0, 0, 0, 2, 26, 140
"/home/amirhosein/Desktop/OOVEST/Backend/BotServer/Portfolio_Management/Portfolio_Status/portfolio.py", "Python", 47, 0, 0, 0, 0, 0, 0, 0, 0, 10, 57
"/home/amirhosein/Desktop/OOVEST/Backend/BotServer/Portfolio_Management/StopLoss_and_TakeProfit/stop_loss.py", "Python", 27, 0, 0, 0, 0, 0, 0, 0, 0, 10, 37
"/home/amirhosein/Desktop/OOVEST/Backend/BotServer/Portfolio_Management/StopLoss_and_TakeProfit/take_profit.py", "Python", 3, 0, 0, 0, 0, 0, 0, 0, 0, 1, 4
"/home/amirhosein/Desktop/OOVEST/Backend/BotServer/Portfolio_Management/portfolio_manager.py", "Python", 76, 0, 0, 0, 0, 0, 0, 0, 0, 23, 99
"/home/amirhosein/Desktop/OOVEST/Backend/BotServer/Signal/signal.py", "Python", 19, 0, 0, 0, 0, 0, 0, 0, 0, 6, 25
"/home/amirhosein/Desktop/OOVEST/Backend/BotServer/Strategies/Simples/simple_ao.py", "Python", 27, 0, 0, 0, 0, 0, 0, 0, 0, 12, 39
"/home/amirhosein/Desktop/OOVEST/Backend/BotServer/Strategies/Simples/simple_cmf.py", "Python", 27, 0, 0, 0, 0, 0, 0, 0, 0, 12, 39
"/home/amirhosein/Desktop/OOVEST/Backend/BotServer/Strategies/Simples/simple_ichimoku.py", "Python", 45, 0, 0, 0, 0, 0, 0, 0, 0, 18, 63
"/home/amirhosein/Desktop/OOVEST/Backend/BotServer/Strategies/Simples/simple_mac.py", "Python", 25, 0, 0, 0, 0, 0, 0, 0, 0, 11, 36
"/home/amirhosein/Desktop/OOVEST/Backend/BotServer/Strategies/Simples/simple_macd.py", "Python", 25, 0, 0, 0, 0, 0, 0, 0, 0, 10, 35
"/home/amirhosein/Desktop/OOVEST/Backend/BotServer/Strategies/Simples/simple_mfi.py", "Python", 27, 0, 0, 0, 0, 0, 0, 0, 0, 12, 39
"/home/amirhosein/Desktop/OOVEST/Backend/BotServer/Strategies/Simples/simple_rsi.py", "Python", 27, 0, 0, 0, 0, 0, 0, 0, 0, 11, 38
"/home/amirhosein/Desktop/OOVEST/Backend/BotServer/Strategies/Simples/simple_sma.py", "Python", 27, 0, 0, 0, 0, 0, 0, 0, 0, 11, 38
"/home/amirhosein/Desktop/OOVEST/Backend/BotServer/Strategies/Simples/simple_stochastic.py", "Python", 31, 0, 0, 0, 0, 0, 0, 0, 0, 10, 41
"/home/amirhosein/Desktop/OOVEST/Backend/BotServer/Strategies/strategy_a1.py", "Python", 182, 0, 0, 0, 0, 0, 0, 0, 0, 52, 234
"/home/amirhosein/Desktop/OOVEST/Backend/BotServer/Util/candlestick.py", "Python", 36, 0, 0, 0, 0, 0, 0, 0, 0, 11, 47
"/home/amirhosein/Desktop/OOVEST/Backend/BotServer/Util/data_getter.py", "Python", 37, 0, 0, 0, 0, 0, 0, 0, 0, 12, 49
"/home/amirhosein/Desktop/OOVEST/Backend/BotServer/Util/trade.py", "Python", 29, 0, 0, 0, 0, 0, 0, 0, 0, 9, 38
"/home/amirhosein/Desktop/OOVEST/Backend/BotServer/api.py", "Python", 37, 0, 0, 0, 0, 0, 0, 0, 1, 21, 59
"/home/amirhosein/Desktop/OOVEST/Backend/BotServer/flaskvenv/bin/activate.csh", "Shell Script", 0, 0, 21, 0, 0, 0, 0, 0, 7, 10, 38
"/home/amirhosein/Desktop/OOVEST/Backend/BotServer/flaskvenv/lib/python3.6/site-packages/click/__init__.py", "Python", 69, 0, 0, 0, 0, 0, 0, 0, 8, 3, 80
"/home/amirhosein/Desktop/OOVEST/Backend/BotServer/flaskvenv/lib/python3.6/site-packages/click/_bashcomplete.py", "Python", 212, 0, 0, 0, 0, 0, 0, 0, 118, 46, 376
"/home/amirhosein/Desktop/OOVEST/Backend/BotServer/flaskvenv/lib/python3.6/site-packages/click/_compat.py", "Python", 547, 0, 0, 0, 0, 0, 0, 0, 99, 141, 787
"/home/amirhosein/Desktop/OOVEST/Backend/BotServer/flaskvenv/lib/python3.6/site-packages/click/_termui_impl.py", "Python", 493, 0, 0, 0, 0, 0, 0, 0, 77, 88, 658
"/home/amirhosein/Desktop/OOVEST/Backend/BotServer/flaskvenv/lib/python3.6/site-packages/click/_textwrap.py", "Python", 32, 0, 0, 0, 0, 0, 0, 0, 0, 6, 38
"/home/amirhosein/Desktop/OOVEST/Backend/BotServer/flaskvenv/lib/python3.6/site-packages/click/_unicodefun.py", "Python", 110, 0, 0, 0, 0, 0, 0, 0, 2, 20, 132
"/home/amirhosein/Desktop/OOVEST/Backend/BotServer/flaskvenv/lib/python3.6/site-packages/click/_winconsole.py", "Python", 272, 0, 0, 0, 0, 0, 0, 0, 24, 75, 371
"/home/amirhosein/Desktop/OOVEST/Backend/BotServer/flaskvenv/lib/python3.6/site-packages/click/core.py", "Python", 1126, 0, 0, 0, 0, 0, 0, 0, 669, 236, 2031
"/home/amirhosein/Desktop/OOVEST/Backend/BotServer/flaskvenv/lib/python3.6/site-packages/click/decorators.py", "Python", 164, 0, 0, 0, 0, 0, 0, 0, 116, 54, 334
"/home/amirhosein/Desktop/OOVEST/Backend/BotServer/flaskvenv/lib/python3.6/site-packages/click/exceptions.py", "Python", 141, 0, 0, 0, 0, 0, 0, 0, 61, 52, 254
"/home/amirhosein/Desktop/OOVEST/Backend/BotServer/flaskvenv/lib/python3.6/site-packages/click/formatting.py", "Python", 177, 0, 0, 0, 0, 0, 0, 0, 66, 41, 284
"/home/amirhosein/Desktop/OOVEST/Backend/BotServer/flaskvenv/lib/python3.6/site-packages/click/globals.py", "Python", 18, 0, 0, 0, 0, 0, 0, 0, 20, 10, 48
"/home/amirhosein/Desktop/OOVEST/Backend/BotServer/flaskvenv/lib/python3.6/site-packages/click/parser.py", "Python", 256, 0, 0, 0, 0, 0, 0, 0, 118, 55, 429
"/home/amirhosein/Desktop/OOVEST/Backend/BotServer/flaskvenv/lib/python3.6/site-packages/click/termui.py", "Python", 299, 0, 0, 0, 0, 0, 0, 0, 324, 59, 682
"/home/amirhosein/Desktop/OOVEST/Backend/BotServer/flaskvenv/lib/python3.6/site-packages/click/testing.py", "Python", 249, 0, 0, 0, 0, 0, 0, 0, 84, 50, 383
"/home/amirhosein/Desktop/OOVEST/Backend/BotServer/flaskvenv/lib/python3.6/site-packages/click/types.py", "Python", 458, 0, 0, 0, 0, 0, 0, 0, 189, 116, 763
"/home/amirhosein/Desktop/OOVEST/Backend/BotServer/flaskvenv/lib/python3.6/site-packages/click/utils.py", "Python", 212, 0, 0, 0, 0, 0, 0, 0, 183, 61, 456
"/home/amirhosein/Desktop/OOVEST/Backend/BotServer/flaskvenv/lib/python3.6/site-packages/easy_install.py", "Python", 3, 0, 0, 0, 0, 0, 0, 0, 1, 2, 6
"/home/amirhosein/Desktop/OOVEST/Backend/BotServer/flaskvenv/lib/python3.6/site-packages/flask/__init__.py", "Python", 45, 0, 0, 0, 0, 0, 0, 0, 13, 3, 61
"/home/amirhosein/Desktop/OOVEST/Backend/BotServer/flaskvenv/lib/python3.6/site-packages/flask/__main__.py", "Python", 3, 0, 0, 0, 0, 0, 0, 0, 10, 3, 16
"/home/amirhosein/Desktop/OOVEST/Backend/BotServer/flaskvenv/lib/python3.6/site-packages/flask/_compat.py", "Python", 83, 0, 0, 0, 0, 0, 0, 0, 32, 31, 146
"/home/amirhosein/Desktop/OOVEST/Backend/BotServer/flaskvenv/lib/python3.6/site-packages/flask/app.py", "Python", 840, 0, 0, 0, 0, 0, 0, 0, 1413, 215, 2468
"/home/amirhosein/Desktop/OOVEST/Backend/BotServer/flaskvenv/lib/python3.6/site-packages/flask/blueprints.py", "Python", 242, 0, 0, 0, 0, 0, 0, 0, 247, 81, 570
"/home/amirhosein/Desktop/OOVEST/Backend/BotServer/flaskvenv/lib/python3.6/site-packages/flask/cli.py", "Python", 592, 0, 0, 0, 0, 0, 0, 0, 198, 182, 972
"/home/amirhosein/Desktop/OOVEST/Backend/BotServer/flaskvenv/lib/python3.6/site-packages/flask/config.py", "Python", 99, 0, 0, 0, 0, 0, 0, 0, 152, 19, 270
"/home/amirhosein/Desktop/OOVEST/Backend/BotServer/flaskvenv/lib/python3.6/site-packages/flask/ctx.py", "Python", 184, 0, 0, 0, 0, 0, 0, 0, 230, 62, 476
"/home/amirhosein/Desktop/OOVEST/Backend/BotServer/flaskvenv/lib/python3.6/site-packages/flask/debughelpers.py", "Python", 128, 0, 0, 0, 0, 0, 0, 0, 26, 30, 184
"/home/amirhosein/Desktop/OOVEST/Backend/BotServer/flaskvenv/lib/python3.6/site-packages/flask/globals.py", "Python", 26, 0, 0, 0, 0, 0, 0, 0, 25, 12, 63
"/home/amirhosein/Desktop/OOVEST/Backend/BotServer/flaskvenv/lib/python3.6/site-packages/flask/helpers.py", "Python", 477, 0, 0, 0, 0, 0, 0, 0, 559, 120, 1156
"/home/amirhosein/Desktop/OOVEST/Backend/BotServer/flaskvenv/lib/python3.6/site-packages/flask/json/__init__.py", "Python", 155, 0, 0, 0, 0, 0, 0, 0, 166, 56, 377
"/home/amirhosein/Desktop/OOVEST/Backend/BotServer/flaskvenv/lib/python3.6/site-packages/flask/json/tag.py", "Python", 142, 0, 0, 0, 0, 0, 0, 0, 96, 72, 310
"/home/amirhosein/Desktop/OOVEST/Backend/BotServer/flaskvenv/lib/python3.6/site-packages/flask/logging.py", "Python", 47, 0, 0, 0, 0, 0, 0, 0, 40, 23, 110
"/home/amirhosein/Desktop/OOVEST/Backend/BotServer/flaskvenv/lib/python3.6/site-packages/flask/sessions.py", "Python", 161, 0, 0, 0, 0, 0, 0, 0, 166, 62, 389
"/home/amirhosein/Desktop/OOVEST/Backend/BotServer/flaskvenv/lib/python3.6/site-packages/flask/signals.py", "Python", 34, 0, 0, 0, 0, 0, 0, 0, 20, 12, 66
"/home/amirhosein/Desktop/OOVEST/Backend/BotServer/flaskvenv/lib/python3.6/site-packages/flask/templating.py", "Python", 89, 0, 0, 0, 0, 0, 0, 0, 38, 29, 156
"/home/amirhosein/Desktop/OOVEST/Backend/BotServer/flaskvenv/lib/python3.6/site-packages/flask/testing.py", "Python", 146, 0, 0, 0, 0, 0, 0, 0, 100, 38, 284
"/home/amirhosein/Desktop/OOVEST/Backend/BotServer/flaskvenv/lib/python3.6/site-packages/flask/views.py", "Python", 48, 0, 0, 0, 0, 0, 0, 0, 91, 25, 164
"/home/amirhosein/Desktop/OOVEST/Backend/BotServer/flaskvenv/lib/python3.6/site-packages/flask/wrappers.py", "Python", 47, 0, 0, 0, 0, 0, 0, 0, 68, 23, 138
"/home/amirhosein/Desktop/OOVEST/Backend/BotServer/flaskvenv/lib/python3.6/site-packages/flask_script/__init__.py", "Python", 202, 0, 0, 0, 0, 0, 0, 0, 137, 83, 422
"/home/amirhosein/Desktop/OOVEST/Backend/BotServer/flaskvenv/lib/python3.6/site-packages/flask_script/_compat.py", "Python", 71, 0, 0, 0, 0, 0, 0, 0, 21, 24, 116
"/home/amirhosein/Desktop/OOVEST/Backend/BotServer/flaskvenv/lib/python3.6/site-packages/flask_script/cli.py", "Python", 47, 0, 0, 0, 0, 0, 0, 0, 31, 17, 95
"/home/amirhosein/Desktop/OOVEST/Backend/BotServer/flaskvenv/lib/python3.6/site-packages/flask_script/commands.py", "Python", 337, 0, 0, 0, 0, 0, 0, 0, 137, 88, 562
"/home/amirhosein/Desktop/OOVEST/Backend/BotServer/flaskvenv/lib/python3.6/site-packages/itsdangerous/__init__.py", "Python", 21, 0, 0, 0, 0, 0, 0, 0, 0, 2, 23
"/home/amirhosein/Desktop/OOVEST/Backend/BotServer/flaskvenv/lib/python3.6/site-packages/itsdangerous/_compat.py", "Python", 24, 0, 0, 0, 0, 0, 0, 0, 14, 9, 47
"/home/amirhosein/Desktop/OOVEST/Backend/BotServer/flaskvenv/lib/python3.6/site-packages/itsdangerous/_json.py", "Python", 13, 0, 0, 0, 0, 0, 0, 0, 1, 5, 19
"/home/amirhosein/Desktop/OOVEST/Backend/BotServer/flaskvenv/lib/python3.6/site-packages/itsdangerous/encoding.py", "Python", 27, 0, 0, 0, 0, 0, 0, 0, 7, 16, 50
"/home/amirhosein/Desktop/OOVEST/Backend/BotServer/flaskvenv/lib/python3.6/site-packages/itsdangerous/exc.py", "Python", 31, 0, 0, 0, 0, 0, 0, 0, 41, 27, 99
"/home/amirhosein/Desktop/OOVEST/Backend/BotServer/flaskvenv/lib/python3.6/site-packages/itsdangerous/jws.py", "Python", 170, 0, 0, 0, 0, 0, 0, 0, 21, 28, 219
"/home/amirhosein/Desktop/OOVEST/Backend/BotServer/flaskvenv/lib/python3.6/site-packages/itsdangerous/serializer.py", "Python", 108, 0, 0, 0, 0, 0, 0, 0, 105, 21, 234
"/home/amirhosein/Desktop/OOVEST/Backend/BotServer/flaskvenv/lib/python3.6/site-packages/itsdangerous/signer.py", "Python", 98, 0, 0, 0, 0, 0, 0, 0, 57, 25, 180
"/home/amirhosein/Desktop/OOVEST/Backend/BotServer/flaskvenv/lib/python3.6/site-packages/itsdangerous/timed.py", "Python", 85, 0, 0, 0, 0, 0, 0, 0, 43, 20, 148
"/home/amirhosein/Desktop/OOVEST/Backend/BotServer/flaskvenv/lib/python3.6/site-packages/itsdangerous/url_safe.py", "Python", 43, 0, 0, 0, 0, 0, 0, 0, 12, 11, 66
"/home/amirhosein/Desktop/OOVEST/Backend/BotServer/flaskvenv/lib/python3.6/site-packages/jinja2/__init__.py", "Python", 37, 0, 0, 0, 0, 0, 0, 0, 5, 3, 45
"/home/amirhosein/Desktop/OOVEST/Backend/BotServer/flaskvenv/lib/python3.6/site-packages/jinja2/_compat.py", "Python", 92, 0, 0, 0, 0, 0, 0, 0, 7, 34, 133
"/home/amirhosein/Desktop/OOVEST/Backend/BotServer/flaskvenv/lib/python3.6/site-packages/jinja2/_identifier.py", "Python", 4, 0, 0, 0, 0, 0, 0, 0, 1, 2, 7
"/home/amirhosein/Desktop/OOVEST/Backend/BotServer/flaskvenv/lib/python3.6/site-packages/jinja2/asyncfilters.py", "Python", 113, 0, 0, 0, 0, 0, 0, 0, 2, 44, 159
"/home/amirhosein/Desktop/OOVEST/Backend/BotServer/flaskvenv/lib/python3.6/site-packages/jinja2/asyncsupport.py", "Python", 189, 0, 0, 0, 0, 0, 0, 0, 4, 72, 265
"/home/amirhosein/Desktop/OOVEST/Backend/BotServer/flaskvenv/lib/python3.6/site-packages/jinja2/bccache.py", "Python", 176, 0, 0, 0, 0, 0, 0, 0, 135, 40, 351
"/home/amirhosein/Desktop/OOVEST/Backend/BotServer/flaskvenv/lib/python3.6/site-packages/jinja2/compiler.py", "Python", 1363, 0, 0, 0, 0, 0, 0, 0, 228, 253, 1844
"/home/amirhosein/Desktop/OOVEST/Backend/BotServer/flaskvenv/lib/python3.6/site-packages/jinja2/constants.py", "Python", 1, 0, 0, 0, 0, 0, 0, 0, 20, 1, 22
"/home/amirhosein/Desktop/OOVEST/Backend/BotServer/flaskvenv/lib/python3.6/site-packages/jinja2/debug.py", "Python", 149, 0, 0, 0, 0, 0, 0, 0, 70, 50, 269
"/home/amirhosein/Desktop/OOVEST/Backend/BotServer/flaskvenv/lib/python3.6/site-packages/jinja2/defaults.py", "Python", 36, 0, 0, 0, 0, 0, 0, 0, 4, 5, 45
"/home/amirhosein/Desktop/OOVEST/Backend/BotServer/flaskvenv/lib/python3.6/site-packages/jinja2/environment.py", "Python", 714, 0, 0, 0, 0, 0, 0, 0, 513, 136, 1363
"/home/amirhosein/Desktop/OOVEST/Backend/BotServer/flaskvenv/lib/python3.6/site-packages/jinja2/exceptions.py", "Python", 89, 0, 0, 0, 0, 0, 0, 0, 45, 44, 178
"/home/amirhosein/Desktop/OOVEST/Backend/BotServer/flaskvenv/lib/python3.6/site-packages/jinja2/ext.py", "Python", 429, 0, 0, 0, 0, 0, 0, 0, 180, 96, 705
"/home/amirhosein/Desktop/OOVEST/Backend/BotServer/flaskvenv/lib/python3.6/site-packages/jinja2/filters.py", "Python", 569, 0, 0, 0, 0, 0, 0, 0, 650, 164, 1383
"/home/amirhosein/Desktop/OOVEST/Backend/BotServer/flaskvenv/lib/python3.6/site-packages/jinja2/idtracking.py", "Python", 218, 0, 0, 0, 0, 0, 0, 0, 16, 57, 291
"/home/amirhosein/Desktop/OOVEST/Backend/BotServer/flaskvenv/lib/python3.6/site-packages/jinja2/lexer.py", "Python", 616, 0, 0, 0, 0, 0, 0, 0, 148, 85, 849
"/home/amirhosein/Desktop/OOVEST/Backend/BotServer/flaskvenv/lib/python3.6/site-packages/jinja2/loaders.py", "Python", 249, 0, 0, 0, 0, 0, 0, 0, 177, 79, 505
"/home/amirhosein/Desktop/OOVEST/Backend/BotServer/flaskvenv/lib/python3.6/site-packages/jinja2/meta.py", "Python", 43, 0, 0, 0, 0, 0, 0, 0, 49, 10, 102
"/home/amirhosein/Desktop/OOVEST/Backend/BotServer/flaskvenv/lib/python3.6/site-packages/jinja2/nativetypes.py", "Python", 51, 0, 0, 0, 0, 0, 0, 0, 18, 26, 95
"/home/amirhosein/Desktop/OOVEST/Backend/BotServer/flaskvenv/lib/python3.6/site-packages/jinja2/nodes.py", "Python", 519, 0, 0, 0, 0, 0, 0, 0, 275, 295, 1089
"/home/amirhosein/Desktop/OOVEST/Backend/BotServer/flaskvenv/lib/python3.6/site-packages/jinja2/optimizer.py", "Python", 20, 0, 0, 0, 0, 0, 0, 0, 14, 8, 42
"/home/amirhosein/Desktop/OOVEST/Backend/BotServer/flaskvenv/lib/python3.6/site-packages/jinja2/parser.py", "Python", 772, 0, 0, 0, 0, 0, 0, 0, 82, 86, 940
"/home/amirhosein/Desktop/OOVEST/Backend/BotServer/flaskvenv/lib/python3.6/site-packages/jinja2/runtime.py", "Python", 611, 0, 0, 0, 0, 0, 0, 0, 251, 150, 1012
"/home/amirhosein/Desktop/OOVEST/Backend/BotServer/flaskvenv/lib/python3.6/site-packages/jinja2/sandbox.py", "Python", 281, 0, 0, 0, 0, 0, 0, 0, 160, 70, 511
"/home/amirhosein/Desktop/OOVEST/Backend/BotServer/flaskvenv/lib/python3.6/site-packages/jinja2/tests.py", "Python", 101, 0, 0, 0, 0, 0, 0, 0, 68, 47, 216
"/home/amirhosein/Desktop/OOVEST/Backend/BotServer/flaskvenv/lib/python3.6/site-packages/jinja2/utils.py", "Python", 395, 0, 0, 0, 0, 0, 0, 0, 223, 120, 738
"/home/amirhosein/Desktop/OOVEST/Backend/BotServer/flaskvenv/lib/python3.6/site-packages/jinja2/visitor.py", "Python", 40, 0, 0, 0, 0, 0, 0, 0, 32, 10, 82
"/home/amirhosein/Desktop/OOVEST/Backend/BotServer/flaskvenv/lib/python3.6/site-packages/markupsafe/__init__.py", "Python", 188, 0, 0, 0, 0, 0, 0, 0, 77, 63, 328
"/home/amirhosein/Desktop/OOVEST/Backend/BotServer/flaskvenv/lib/python3.6/site-packages/markupsafe/_compat.py", "Python", 18, 0, 0, 0, 0, 0, 0, 0, 8, 8, 34
"/home/amirhosein/Desktop/OOVEST/Backend/BotServer/flaskvenv/lib/python3.6/site-packages/markupsafe/_constants.py", "Python", 255, 0, 0, 0, 0, 0, 0, 0, 8, 2, 265
"/home/amirhosein/Desktop/OOVEST/Backend/BotServer/flaskvenv/lib/python3.6/site-packages/markupsafe/_native.py", "Python", 21, 0, 0, 0, 0, 0, 0, 0, 42, 7, 70
"/home/amirhosein/Desktop/OOVEST/Backend/BotServer/flaskvenv/lib/python3.6/site-packages/markupsafe/_speedups.c", "C", 0, 0, 0, 0, 345, 0, 0, 0, 23, 56, 424
"/home/amirhosein/Desktop/OOVEST/Backend/BotServer/flaskvenv/lib/python3.6/site-packages/pip-9.0.1.dist-info/metadata.json", "JSON", 0, 0, 0, 1, 0, 0, 0, 0, 0, 0, 1
"/home/amirhosein/Desktop/OOVEST/Backend/BotServer/flaskvenv/lib/python3.6/site-packages/pip/__init__.py", "Python", 231, 0, 0, 0, 0, 0, 0, 0, 49, 59, 339
"/home/amirhosein/Desktop/OOVEST/Backend/BotServer/flaskvenv/lib/python3.6/site-packages/pip/__main__.py", "Python", 9, 0, 0, 0, 0, 0, 0, 0, 6, 5, 20
"/home/amirhosein/Desktop/OOVEST/Backend/BotServer/flaskvenv/lib/python3.6/site-packages/pip/_vendor/__init__.py", "Python", 68, 0, 0, 0, 0, 0, 0, 0, 34, 10, 112
"/home/amirhosein/Desktop/OOVEST/Backend/BotServer/flaskvenv/lib/python3.6/site-packages/pip/basecommand.py", "Python", 263, 0, 0, 0, 0, 0, 0, 0, 28, 47, 338
"/home/amirhosein/Desktop/OOVEST/Backend/BotServer/flaskvenv/lib/python3.6/site-packages/pip/baseparser.py", "Python", 185, 0, 0, 0, 0, 0, 0, 0, 59, 50, 294
"/home/amirhosein/Desktop/OOVEST/Backend/BotServer/flaskvenv/lib/python3.6/site-packages/pip/cmdoptions.py", "Python", 500, 0, 0, 0, 0, 0, 0, 0, 43, 91, 634
"/home/amirhosein/Desktop/OOVEST/Backend/BotServer/flaskvenv/lib/python3.6/site-packages/pip/commands/__init__.py", "Python", 63, 0, 0, 0, 0, 0, 0, 0, 6, 18, 87
"/home/amirhosein/Desktop/OOVEST/Backend/BotServer/flaskvenv/lib/python3.6/site-packages/pip/commands/check.py", "Python", 27, 0, 0, 0, 0, 0, 0, 0, 2, 11, 40
"/home/amirhosein/Desktop/OOVEST/Backend/BotServer/flaskvenv/lib/python3.6/site-packages/pip/commands/completion.py", "Python", 44, 0, 0, 0, 0, 0, 0, 0, 27, 11, 82
"/home/amirhosein/Desktop/OOVEST/Backend/BotServer/flaskvenv/lib/python3.6/site-packages/pip/commands/download.py", "Python", 164, 0, 0, 0, 0, 0, 0, 0, 17, 32, 213
"/home/amirhosein/Desktop/OOVEST/Backend/BotServer/flaskvenv/lib/python3.6/site-packages/pip/commands/freeze.py", "Python", 69, 0, 0, 0, 0, 0, 0, 0, 6, 13, 88
"/home/amirhosein/Desktop/OOVEST/Backend/BotServer/flaskvenv/lib/python3.6/site-packages/pip/commands/hash.py", "Python", 38, 0, 0, 0, 0, 0, 0, 0, 8, 12, 58
"/home/amirhosein/Desktop/OOVEST/Backend/BotServer/flaskvenv/lib/python3.6/site-packages/pip/commands/help.py", "Python", 22, 0, 0, 0, 0, 0, 0, 0, 3, 11, 36
"/home/amirhosein/Desktop/OOVEST/Backend/BotServer/flaskvenv/lib/python3.6/site-packages/pip/commands/install.py", "Python", 373, 0, 0, 0, 0, 0, 0, 0, 25, 58, 456
"/home/amirhosein/Desktop/OOVEST/Backend/BotServer/flaskvenv/lib/python3.6/site-packages/pip/commands/list.py", "Python", 261, 0, 0, 0, 0, 0, 0, 0, 22, 55, 338
"/home/amirhosein/Desktop/OOVEST/Backend/BotServer/flaskvenv/lib/python3.6/site-packages/pip/commands/search.py", "Python", 101, 0, 0, 0, 0, 0, 0, 0, 9, 24, 134
"/home/amirhosein/Desktop/OOVEST/Backend/BotServer/flaskvenv/lib/python3.6/site-packages/pip/commands/show.py", "Python", 115, 0, 0, 0, 0, 0, 0, 0, 16, 24, 155
"/home/amirhosein/Desktop/OOVEST/Backend/BotServer/flaskvenv/lib/python3.6/site-packages/pip/commands/uninstall.py", "Python", 59, 0, 0, 0, 0, 0, 0, 0, 11, 7, 77
"/home/amirhosein/Desktop/OOVEST/Backend/BotServer/flaskvenv/lib/python3.6/site-packages/pip/commands/wheel.py", "Python", 160, 0, 0, 0, 0, 0, 0, 0, 20, 29, 209
"/home/amirhosein/Desktop/OOVEST/Backend/BotServer/flaskvenv/lib/python3.6/site-packages/pip/compat/__init__.py", "Python", 105, 0, 0, 0, 0, 0, 0, 0, 29, 31, 165
"/home/amirhosein/Desktop/OOVEST/Backend/BotServer/flaskvenv/lib/python3.6/site-packages/pip/compat/dictconfig.py", "Python", 401, 0, 0, 0, 0, 0, 0, 0, 112, 53, 566
"/home/amirhosein/Desktop/OOVEST/Backend/BotServer/flaskvenv/lib/python3.6/site-packages/pip/download.py", "Python", 558, 0, 0, 0, 0, 0, 0, 0, 203, 166, 927
"/home/amirhosein/Desktop/OOVEST/Backend/BotServer/flaskvenv/lib/python3.6/site-packages/pip/exceptions.py", "Python", 97, 0, 0, 0, 0, 0, 0, 0, 88, 60, 245
"/home/amirhosein/Desktop/OOVEST/Backend/BotServer/flaskvenv/lib/python3.6/site-packages/pip/index.py", "Python", 750, 0, 0, 0, 0, 0, 0, 0, 191, 162, 1103
"/home/amirhosein/Desktop/OOVEST/Backend/BotServer/flaskvenv/lib/python3.6/site-packages/pip/locations.py", "Python", 113, 0, 0, 0, 0, 0, 0, 0, 34, 36, 183
"/home/amirhosein/Desktop/OOVEST/Backend/BotServer/flaskvenv/lib/python3.6/site-packages/pip/models/__init__.py", "Python", 2, 0, 0, 0, 0, 0, 0, 0, 0, 3, 5
"/home/amirhosein/Desktop/OOVEST/Backend/BotServer/flaskvenv/lib/python3.6/site-packages/pip/models/index.py", "Python", 11, 0, 0, 0, 0, 0, 0, 0, 0, 6, 17
"/home/amirhosein/Desktop/OOVEST/Backend/BotServer/flaskvenv/lib/python3.6/site-packages/pip/operations/__init__.py", "Python", 0, 0, 0, 0, 0, 0, 0, 0, 0, 1, 1
"/home/amirhosein/Desktop/OOVEST/Backend/BotServer/flaskvenv/lib/python3.6/site-packages/pip/operations/check.py", "Python", 28, 0, 0, 0, 0, 0, 0, 0, 8, 14, 50
"/home/amirhosein/Desktop/OOVEST/Backend/BotServer/flaskvenv/lib/python3.6/site-packages/pip/operations/freeze.py", "Python", 115, 0, 0, 0, 0, 0, 0, 0, 4, 14, 133
"/home/amirhosein/Desktop/OOVEST/Backend/BotServer/flaskvenv/lib/python3.6/site-packages/pip/pep425tags.py", "Python", 194, 0, 0, 0, 0, 0, 0, 0, 73, 58, 325
"/home/amirhosein/Desktop/OOVEST/Backend/BotServer/flaskvenv/lib/python3.6/site-packages/pip/req/__init__.py", "Python", 8, 0, 0, 0, 0, 0, 0, 0, 0, 3, 11
"/home/amirhosein/Desktop/OOVEST/Backend/BotServer/flaskvenv/lib/python3.6/site-packages/pip/req/req_file.py", "Python", 222, 0, 0, 0, 0, 0, 0, 0, 78, 43, 343
"/home/amirhosein/Desktop/OOVEST/Backend/BotServer/flaskvenv/lib/python3.6/site-packages/pip/req/req_install.py", "Python", 918, 0, 0, 0, 0, 0, 0, 0, 166, 121, 1205
"/home/amirhosein/Desktop/OOVEST/Backend/BotServer/flaskvenv/lib/python3.6/site-packages/pip/req/req_set.py", "Python", 519, 0, 0, 0, 0, 0, 0, 0, 199, 81, 799
"/home/amirhosein/Desktop/OOVEST/Backend/BotServer/flaskvenv/lib/python3.6/site-packages/pip/req/req_uninstall.py", "Python", 147, 0, 0, 0, 0, 0, 0, 0, 24, 25, 196
"/home/amirhosein/Desktop/OOVEST/Backend/BotServer/flaskvenv/lib/python3.6/site-packages/pip/status_codes.py", "Python", 7, 0, 0, 0, 0, 0, 0, 0, 0, 2, 9
"/home/amirhosein/Desktop/OOVEST/Backend/BotServer/flaskvenv/lib/python3.6/site-packages/pip/utils/__init__.py", "Python", 562, 0, 0, 0, 0, 0, 0, 0, 196, 113, 871
"/home/amirhosein/Desktop/OOVEST/Backend/BotServer/flaskvenv/lib/python3.6/site-packages/pip/utils/appdirs.py", "Python", 104, 0, 0, 0, 0, 0, 0, 0, 112, 33, 249
"/home/amirhosein/Desktop/OOVEST/Backend/BotServer/flaskvenv/lib/python3.6/site-packages/pip/utils/build.py", "Python", 23, 0, 0, 0, 0, 0, 0, 0, 8, 12, 43
"/home/amirhosein/Desktop/OOVEST/Backend/BotServer/flaskvenv/lib/python3.6/site-packages/pip/utils/deprecation.py", "Python", 38, 0, 0, 0, 0, 0, 0, 0, 15, 24, 77
"/home/amirhosein/Desktop/OOVEST/Backend/BotServer/flaskvenv/lib/python3.6/site-packages/pip/utils/encoding.py", "Python", 22, 0, 0, 0, 0, 0, 0, 0, 4, 6, 32
"/home/amirhosein/Desktop/OOVEST/Backend/BotServer/flaskvenv/lib/python3.6/site-packages/pip/utils/filesystem.py", "Python", 19, 0, 0, 0, 0, 0, 0, 0, 5, 5, 29
"/home/amirhosein/Desktop/OOVEST/Backend/BotServer/flaskvenv/lib/python3.6/site-packages/pip/utils/glibc.py", "Python", 36, 0, 0, 0, 0, 0, 0, 0, 33, 13, 82
"/home/amirhosein/Desktop/OOVEST/Backend/BotServer/flaskvenv/lib/python3.6/site-packages/pip/utils/hashes.py", "Python", 40, 0, 0, 0, 0, 0, 0, 0, 33, 20, 93
"/home/amirhosein/Desktop/OOVEST/Backend/BotServer/flaskvenv/lib/python3.6/site-packages/pip/utils/logging.py", "Python", 79, 0, 0, 0, 0, 0, 0, 0, 16, 36, 131
"/home/amirhosein/Desktop/OOVEST/Backend/BotServer/flaskvenv/lib/python3.6/site-packages/pip/utils/outdated.py", "Python", 112, 0, 0, 0, 0, 0, 0, 0, 19, 32, 163
"/home/amirhosein/Desktop/OOVEST/Backend/BotServer/flaskvenv/lib/python3.6/site-packages/pip/utils/packaging.py", "Python", 40, 0, 0, 0, 0, 0, 0, 0, 11, 13, 64
"/home/amirhosein/Desktop/OOVEST/Backend/BotServer/flaskvenv/lib/python3.6/site-packages/pip/utils/setuptools_build.py", "Python", 7, 0, 0, 0, 0, 0, 0, 0, 1, 1, 9
"/home/amirhosein/Desktop/OOVEST/Backend/BotServer/flaskvenv/lib/python3.6/site-packages/pip/utils/ui.py", "Python", 198, 0, 0, 0, 0, 0, 0, 0, 86, 61, 345
"/home/amirhosein/Desktop/OOVEST/Backend/BotServer/flaskvenv/lib/python3.6/site-packages/pip/vcs/__init__.py", "Python", 236, 0, 0, 0, 0, 0, 0, 0, 85, 46, 367
"/home/amirhosein/Desktop/OOVEST/Backend/BotServer/flaskvenv/lib/python3.6/site-packages/pip/vcs/bazaar.py", "Python", 88, 0, 0, 0, 0, 0, 0, 0, 9, 20, 117
"/home/amirhosein/Desktop/OOVEST/Backend/BotServer/flaskvenv/lib/python3.6/site-packages/pip/vcs/git.py", "Python", 220, 0, 0, 0, 0, 0, 0, 0, 41, 40, 301
"/home/amirhosein/Desktop/OOVEST/Backend/BotServer/flaskvenv/lib/python3.6/site-packages/pip/vcs/mercurial.py", "Python", 85, 0, 0, 0, 0, 0, 0, 0, 2, 17, 104
"/home/amirhosein/Desktop/OOVEST/Backend/BotServer/flaskvenv/lib/python3.6/site-packages/pip/vcs/subversion.py", "Python", 207, 0, 0, 0, 0, 0, 0, 0, 25, 38, 270
"/home/amirhosein/Desktop/OOVEST/Backend/BotServer/flaskvenv/lib/python3.6/site-packages/pip/wheel.py", "Python", 548, 0, 0, 0, 0, 0, 0, 0, 202, 104, 854
"/home/amirhosein/Desktop/OOVEST/Backend/BotServer/flaskvenv/lib/python3.6/site-packages/pkg_resources-0.0.0.dist-info/metadata.json", "JSON", 0, 0, 0, 1, 0, 0, 0, 0, 0, 0, 1
"/home/amirhosein/Desktop/OOVEST/Backend/BotServer/flaskvenv/lib/python3.6/site-packages/pkg_resources/__init__.py", "Python", 1764, 0, 0, 0, 0, 0, 0, 0, 822, 540, 3126
"/home/amirhosein/Desktop/OOVEST/Backend/BotServer/flaskvenv/lib/python3.6/site-packages/pkg_resources/_vendor/__init__.py", "Python", 0, 0, 0, 0, 0, 0, 0, 0, 0, 1, 1
"/home/amirhosein/Desktop/OOVEST/Backend/BotServer/flaskvenv/lib/python3.6/site-packages/pkg_resources/_vendor/appdirs.py", "Python", 283, 0, 0, 0, 0, 0, 0, 0, 211, 59, 553
"/home/amirhosein/Desktop/OOVEST/Backend/BotServer/flaskvenv/lib/python3.6/site-packages/pkg_resources/_vendor/packaging/__about__.py", "Python", 13, 0, 0, 0, 0, 0, 0, 0, 3, 6, 22
"/home/amirhosein/Desktop/OOVEST/Backend/BotServer/flaskvenv/lib/python3.6/site-packages/pkg_resources/_vendor/packaging/__init__.py", "Python", 9, 0, 0, 0, 0, 0, 0, 0, 3, 3, 15
"/home/amirhosein/Desktop/OOVEST/Backend/BotServer/flaskvenv/lib/python3.6/site-packages/pkg_resources/_vendor/packaging/_compat.py", "Python", 13, 0, 0, 0, 0, 0, 0, 0, 10, 8, 31
"/home/amirhosein/Desktop/OOVEST/Backend/BotServer/flaskvenv/lib/python3.6/site-packages/pkg_resources/_vendor/packaging/_structures.py", "Python", 41, 0, 0, 0, 0, 0, 0, 0, 3, 25, 69
"/home/amirhosein/Desktop/OOVEST/Backend/BotServer/flaskvenv/lib/python3.6/site-packages/pkg_resources/_vendor/packaging/markers.py", "Python", 202, 0, 0, 0, 0, 0, 0, 0, 25, 75, 302
"/home/amirhosein/Desktop/OOVEST/Backend/BotServer/flaskvenv/lib/python3.6/site-packages/pkg_resources/_vendor/packaging/requirements.py", "Python", 80, 0, 0, 0, 0, 0, 0, 0, 16, 32, 128
"/home/amirhosein/Desktop/OOVEST/Backend/BotServer/flaskvenv/lib/python3.6/site-packages/pkg_resources/_vendor/packaging/specifiers.py", "Python", 375, 0, 0, 0, 0, 0, 0, 0, 262, 138, 775
"/home/amirhosein/Desktop/OOVEST/Backend/BotServer/flaskvenv/lib/python3.6/site-packages/pkg_resources/_vendor/packaging/utils.py", "Python", 5, 0, 0, 0, 0, 0, 0, 0, 4, 6, 15
"/home/amirhosein/Desktop/OOVEST/Backend/BotServer/flaskvenv/lib/python3.6/site-packages/pkg_resources/_vendor/packaging/version.py", "Python", 212, 0, 0, 0, 0, 0, 0, 0, 95, 87, 394
"/home/amirhosein/Desktop/OOVEST/Backend/BotServer/flaskvenv/lib/python3.6/site-packages/pkg_resources/_vendor/pyparsing.py", "Python", 2814, 0, 0, 0, 0, 0, 0, 0, 2345, 538, 5697
"/home/amirhosein/Desktop/OOVEST/Backend/BotServer/flaskvenv/lib/python3.6/site-packages/pkg_resources/_vendor/six.py", "Python", 615, 0, 0, 0, 0, 0, 0, 0, 88, 166, 869
"/home/amirhosein/Desktop/OOVEST/Backend/BotServer/flaskvenv/lib/python3.6/site-packages/pkg_resources/extern/__init__.py", "Python", 42, 0, 0, 0, 0, 0, 0, 0, 22, 10, 74
"/home/amirhosein/Desktop/OOVEST/Backend/BotServer/flaskvenv/lib/python3.6/site-packages/pkg_resources/py31compat.py", "Python", 15, 0, 0, 0, 0, 0, 0, 0, 3, 5, 23
"/home/amirhosein/Desktop/OOVEST/Backend/BotServer/flaskvenv/lib/python3.6/site-packages/setuptools-39.0.1.dist-info/metadata.json", "JSON", 0, 0, 0, 1, 0, 0, 0, 0, 0, 0, 1
"/home/amirhosein/Desktop/OOVEST/Backend/BotServer/flaskvenv/lib/python3.6/site-packages/setuptools/__init__.py", "Python", 89, 0, 0, 0, 0, 0, 0, 0, 51, 41, 181
"/home/amirhosein/Desktop/OOVEST/Backend/BotServer/flaskvenv/lib/python3.6/site-packages/setuptools/_vendor/__init__.py", "Python", 0, 0, 0, 0, 0, 0, 0, 0, 0, 1, 1
"/home/amirhosein/Desktop/OOVEST/Backend/BotServer/flaskvenv/lib/python3.6/site-packages/setuptools/_vendor/packaging/__about__.py", "Python", 13, 0, 0, 0, 0, 0, 0, 0, 3, 6, 22
"/home/amirhosein/Desktop/OOVEST/Backend/BotServer/flaskvenv/lib/python3.6/site-packages/setuptools/_vendor/packaging/__init__.py", "Python", 9, 0, 0, 0, 0, 0, 0, 0, 3, 3, 15
"/home/amirhosein/Desktop/OOVEST/Backend/BotServer/flaskvenv/lib/python3.6/site-packages/setuptools/_vendor/packaging/_compat.py", "Python", 13, 0, 0, 0, 0, 0, 0, 0, 10, 8, 31
"/home/amirhosein/Desktop/OOVEST/Backend/BotServer/flaskvenv/lib/python3.6/site-packages/setuptools/_vendor/packaging/_structures.py", "Python", 41, 0, 0, 0, 0, 0, 0, 0, 3, 25, 69
"/home/amirhosein/Desktop/OOVEST/Backend/BotServer/flaskvenv/lib/python3.6/site-packages/setuptools/_vendor/packaging/markers.py", "Python", 202, 0, 0, 0, 0, 0, 0, 0, 25, 75, 302
"/home/amirhosein/Desktop/OOVEST/Backend/BotServer/flaskvenv/lib/python3.6/site-packages/setuptools/_vendor/packaging/requirements.py", "Python", 80, 0, 0, 0, 0, 0, 0, 0, 16, 32, 128
"/home/amirhosein/Desktop/OOVEST/Backend/BotServer/flaskvenv/lib/python3.6/site-packages/setuptools/_vendor/packaging/specifiers.py", "Python", 375, 0, 0, 0, 0, 0, 0, 0, 262, 138, 775
"/home/amirhosein/Desktop/OOVEST/Backend/BotServer/flaskvenv/lib/python3.6/site-packages/setuptools/_vendor/packaging/utils.py", "Python", 5, 0, 0, 0, 0, 0, 0, 0, 4, 6, 15
"/home/amirhosein/Desktop/OOVEST/Backend/BotServer/flaskvenv/lib/python3.6/site-packages/setuptools/_vendor/packaging/version.py", "Python", 212, 0, 0, 0, 0, 0, 0, 0, 95, 87, 394
"/home/amirhosein/Desktop/OOVEST/Backend/BotServer/flaskvenv/lib/python3.6/site-packages/setuptools/_vendor/pyparsing.py", "Python", 2812, 0, 0, 0, 0, 0, 0, 0, 2347, 538, 5697
"/home/amirhosein/Desktop/OOVEST/Backend/BotServer/flaskvenv/lib/python3.6/site-packages/setuptools/_vendor/six.py", "Python", 615, 0, 0, 0, 0, 0, 0, 0, 88, 166, 869
"/home/amirhosein/Desktop/OOVEST/Backend/BotServer/flaskvenv/lib/python3.6/site-packages/setuptools/archive_util.py", "Python", 100, 0, 0, 0, 0, 0, 0, 0, 49, 25, 174
"/home/amirhosein/Desktop/OOVEST/Backend/BotServer/flaskvenv/lib/python3.6/site-packages/setuptools/build_meta.py", "Python", 100, 0, 0, 0, 0, 0, 0, 0, 36, 37, 173
"/home/amirhosein/Desktop/OOVEST/Backend/BotServer/flaskvenv/lib/python3.6/site-packages/setuptools/command/__init__.py", "Python", 14, 0, 0, 0, 0, 0, 0, 0, 0, 5, 19
"/home/amirhosein/Desktop/OOVEST/Backend/BotServer/flaskvenv/lib/python3.6/site-packages/setuptools/command/alias.py", "Python", 61, 0, 0, 0, 0, 0, 0, 0, 2, 18, 81
"/home/amirhosein/Desktop/OOVEST/Backend/BotServer/flaskvenv/lib/python3.6/site-packages/setuptools/command/bdist_egg.py", "Python", 379, 0, 0, 0, 0, 0, 0, 0, 42, 82, 503
"/home/amirhosein/Desktop/OOVEST/Backend/BotServer/flaskvenv/lib/python3.6/site-packages/setuptools/command/bdist_rpm.py", "Python", 28, 0, 0, 0, 0, 0, 0, 0, 10, 6, 44
"/home/amirhosein/Desktop/OOVEST/Backend/BotServer/flaskvenv/lib/python3.6/site-packages/setuptools/command/bdist_wininst.py", "Python", 14, 0, 0, 0, 0, 0, 0, 0, 4, 4, 22
"/home/amirhosein/Desktop/OOVEST/Backend/BotServer/flaskvenv/lib/python3.6/site-packages/setuptools/command/build_clib.py", "Python", 61, 0, 0, 0, 0, 0, 0, 0, 27, 11, 99
"/home/amirhosein/Desktop/OOVEST/Backend/BotServer/flaskvenv/lib/python3.6/site-packages/setuptools/command/build_ext.py", "Python", 256, 0, 0, 0, 0, 0, 0, 0, 37, 39, 332
"/home/amirhosein/Desktop/OOVEST/Backend/BotServer/flaskvenv/lib/python3.6/site-packages/setuptools/command/build_py.py", "Python", 194, 0, 0, 0, 0, 0, 0, 0, 40, 37, 271
"/home/amirhosein/Desktop/OOVEST/Backend/BotServer/flaskvenv/lib/python3.6/site-packages/setuptools/command/develop.py", "Python", 144, 0, 0, 0, 0, 0, 0, 0, 35, 38, 217
"/home/amirhosein/Desktop/OOVEST/Backend/BotServer/flaskvenv/lib/python3.6/site-packages/setuptools/command/dist_info.py", "Python", 22, 0, 0, 0, 0, 0, 0, 0, 4, 11, 37
"/home/amirhosein/Desktop/OOVEST/Backend/BotServer/flaskvenv/lib/python3.6/site-packages/setuptools/command/easy_install.py", "Python", 1638, 0, 0, 0, 0, 0, 0, 0, 447, 305, 2390
"/home/amirhosein/Desktop/OOVEST/Backend/BotServer/flaskvenv/lib/python3.6/site-packages/setuptools/command/egg_info.py", "Python", 463, 0, 0, 0, 0, 0, 0, 0, 120, 114, 697
"/home/amirhosein/Desktop/OOVEST/Backend/BotServer/flaskvenv/lib/python3.6/site-packages/setuptools/command/install.py", "Python", 84, 0, 0, 0, 0, 0, 0, 0, 20, 22, 126
"/home/amirhosein/Desktop/OOVEST/Backend/BotServer/flaskvenv/lib/python3.6/site-packages/setuptools/command/install_egg_info.py", "Python", 63, 0, 0, 0, 0, 0, 0, 0, 6, 14, 83
"/home/amirhosein/Desktop/OOVEST/Backend/BotServer/flaskvenv/lib/python3.6/site-packages/setuptools/command/install_lib.py", "Python", 94, 0, 0, 0, 0, 0, 0, 0, 27, 28, 149
"/home/amirhosein/Desktop/OOVEST/Backend/BotServer/flaskvenv/lib/python3.6/site-packages/setuptools/command/install_scripts.py", "Python", 49, 0, 0, 0, 0, 0, 0, 0, 6, 11, 66
"/home/amirhosein/Desktop/OOVEST/Backend/BotServer/flaskvenv/lib/python3.6/site-packages/setuptools/command/launcher manifest.xml", "XML", 0, 0, 0, 0, 0, 0, 0, 14, 1, 1, 16
"/home/amirhosein/Desktop/OOVEST/Backend/BotServer/flaskvenv/lib/python3.6/site-packages/setuptools/command/py36compat.py", "Python", 80, 0, 0, 0, 0, 0, 0, 0, 39, 18, 137
"/home/amirhosein/Desktop/OOVEST/Backend/BotServer/flaskvenv/lib/python3.6/site-packages/setuptools/command/register.py", "Python", 6, 0, 0, 0, 0, 0, 0, 0, 1, 4, 11
"/home/amirhosein/Desktop/OOVEST/Backend/BotServer/flaskvenv/lib/python3.6/site-packages/setuptools/command/rotate.py", "Python", 54, 0, 0, 0, 0, 0, 0, 0, 1, 12, 67
"/home/amirhosein/Desktop/OOVEST/Backend/BotServer/flaskvenv/lib/python3.6/site-packages/setuptools/command/saveopts.py", "Python", 13, 0, 0, 0, 0, 0, 0, 0, 1, 9, 23
"/home/amirhosein/Desktop/OOVEST/Backend/BotServer/flaskvenv/lib/python3.6/site-packages/setuptools/command/sdist.py", "Python", 135, 0, 0, 0, 0, 0, 0, 0, 32, 34, 201
"/home/amirhosein/Desktop/OOVEST/Backend/BotServer/flaskvenv/lib/python3.6/site-packages/setuptools/command/setopt.py", "Python", 114, 0, 0, 0, 0, 0, 0, 0, 13, 23, 150
"/home/amirhosein/Desktop/OOVEST/Backend/BotServer/flaskvenv/lib/python3.6/site-packages/setuptools/command/test.py", "Python", 190, 0, 0, 0, 0, 0, 0, 0, 34, 45, 269
"/home/amirhosein/Desktop/OOVEST/Backend/BotServer/flaskvenv/lib/python3.6/site-packages/setuptools/command/upload.py", "Python", 25, 0, 0, 0, 0, 0, 0, 0, 12, 6, 43
"/home/amirhosein/Desktop/OOVEST/Backend/BotServer/flaskvenv/lib/python3.6/site-packages/setuptools/command/upload_docs.py", "Python", 165, 0, 0, 0, 0, 0, 0, 0, 17, 25, 207
"/home/amirhosein/Desktop/OOVEST/Backend/BotServer/flaskvenv/lib/python3.6/site-packages/setuptools/config.py", "Python", 297, 0, 0, 0, 0, 0, 0, 0, 152, 108, 557
"/home/amirhosein/Desktop/OOVEST/Backend/BotServer/flaskvenv/lib/python3.6/site-packages/setuptools/dep_util.py", "Python", 11, 0, 0, 0, 0, 0, 0, 0, 9, 4, 24
"/home/amirhosein/Desktop/OOVEST/Backend/BotServer/flaskvenv/lib/python3.6/site-packages/setuptools/depends.py", "Python", 104, 0, 0, 0, 0, 0, 0, 0, 39, 44, 187
"/home/amirhosein/Desktop/OOVEST/Backend/BotServer/flaskvenv/lib/python3.6/site-packages/setuptools/dist.py", "Python", 643, 0, 0, 0, 0, 0, 0, 0, 272, 156, 1071
"/home/amirhosein/Desktop/OOVEST/Backend/BotServer/flaskvenv/lib/python3.6/site-packages/setuptools/extension.py", "Python", 29, 0, 0, 0, 0, 0, 0, 0, 15, 14, 58
"/home/amirhosein/Desktop/OOVEST/Backend/BotServer/flaskvenv/lib/python3.6/site-packages/setuptools/extern/__init__.py", "Python", 42, 0, 0, 0, 0, 0, 0, 0, 22, 10, 74
"/home/amirhosein/Desktop/OOVEST/Backend/BotServer/flaskvenv/lib/python3.6/site-packages/setuptools/glibc.py", "Python", 35, 0, 0, 0, 0, 0, 0, 0, 39, 13, 87
"/home/amirhosein/Desktop/OOVEST/Backend/BotServer/flaskvenv/lib/python3.6/site-packages/setuptools/glob.py", "Python", 104, 0, 0, 0, 0, 0, 0, 0, 44, 29, 177
"/home/amirhosein/Desktop/OOVEST/Backend/BotServer/flaskvenv/lib/python3.6/site-packages/setuptools/launch.py", "Python", 18, 0, 0, 0, 0, 0, 0, 0, 10, 8, 36
"/home/amirhosein/Desktop/OOVEST/Backend/BotServer/flaskvenv/lib/python3.6/site-packages/setuptools/lib2to3_ex.py", "Python", 42, 0, 0, 0, 0, 0, 0, 0, 10, 11, 63
"/home/amirhosein/Desktop/OOVEST/Backend/BotServer/flaskvenv/lib/python3.6/site-packages/setuptools/monkey.py", "Python", 104, 0, 0, 0, 0, 0, 0, 0, 53, 41, 198
"/home/amirhosein/Desktop/OOVEST/Backend/BotServer/flaskvenv/lib/python3.6/site-packages/setuptools/msvc.py", "Python", 687, 0, 0, 0, 0, 0, 0, 0, 462, 154, 1303
"/home/amirhosein/Desktop/OOVEST/Backend/BotServer/flaskvenv/lib/python3.6/site-packages/setuptools/namespaces.py", "Python", 76, 0, 0, 0, 0, 0, 0, 0, 11, 21, 108
"/home/amirhosein/Desktop/OOVEST/Backend/BotServer/flaskvenv/lib/python3.6/site-packages/setuptools/package_index.py", "Python", 788, 0, 0, 0, 0, 0, 0, 0, 163, 169, 1120
"/home/amirhosein/Desktop/OOVEST/Backend/BotServer/flaskvenv/lib/python3.6/site-packages/setuptools/pep425tags.py", "Python", 187, 0, 0, 0, 0, 0, 0, 0, 74, 56, 317
"/home/amirhosein/Desktop/OOVEST/Backend/BotServer/flaskvenv/lib/python3.6/site-packages/setuptools/py27compat.py", "Python", 12, 0, 0, 0, 0, 0, 0, 0, 7, 10, 29
"/home/amirhosein/Desktop/OOVEST/Backend/BotServer/flaskvenv/lib/python3.6/site-packages/setuptools/py31compat.py", "Python", 26, 0, 0, 0, 0, 0, 0, 0, 7, 9, 42
"/home/amirhosein/Desktop/OOVEST/Backend/BotServer/flaskvenv/lib/python3.6/site-packages/setuptools/py33compat.py", "Python", 33, 0, 0, 0, 0, 0, 0, 0, 1, 21, 55
"/home/amirhosein/Desktop/OOVEST/Backend/BotServer/flaskvenv/lib/python3.6/site-packages/setuptools/py36compat.py", "Python", 52, 0, 0, 0, 0, 0, 0, 0, 15, 16, 83
"/home/amirhosein/Desktop/OOVEST/Backend/BotServer/flaskvenv/lib/python3.6/site-packages/setuptools/sandbox.py", "Python", 316, 0, 0, 0, 0, 0, 0, 0, 76, 100, 492
"/home/amirhosein/Desktop/OOVEST/Backend/BotServer/flaskvenv/lib/python3.6/site-packages/setuptools/site-patch.py", "Python", 57, 0, 0, 0, 0, 0, 0, 0, 4, 14, 75
"/home/amirhosein/Desktop/OOVEST/Backend/BotServer/flaskvenv/lib/python3.6/site-packages/setuptools/ssl_support.py", "Python", 164, 0, 0, 0, 0, 0, 0, 0, 52, 45, 261
"/home/amirhosein/Desktop/OOVEST/Backend/BotServer/flaskvenv/lib/python3.6/site-packages/setuptools/unicode_utils.py", "Python", 29, 0, 0, 0, 0, 0, 0, 0, 5, 11, 45
"/home/amirhosein/Desktop/OOVEST/Backend/BotServer/flaskvenv/lib/python3.6/site-packages/setuptools/version.py", "Python", 5, 0, 0, 0, 0, 0, 0, 0, 0, 2, 7
"/home/amirhosein/Desktop/OOVEST/Backend/BotServer/flaskvenv/lib/python3.6/site-packages/setuptools/wheel.py", "Python", 135, 0, 0, 0, 0, 0, 0, 0, 14, 15, 164
"/home/amirhosein/Desktop/OOVEST/Backend/BotServer/flaskvenv/lib/python3.6/site-packages/setuptools/windows_support.py", "Python", 16, 0, 0, 0, 0, 0, 0, 0, 7, 7, 30
"/home/amirhosein/Desktop/OOVEST/Backend/BotServer/flaskvenv/lib/python3.6/site-packages/werkzeug/__init__.py", "Python", 5, 0, 0, 0, 0, 0, 0, 0, 14, 2, 21
"/home/amirhosein/Desktop/OOVEST/Backend/BotServer/flaskvenv/lib/python3.6/site-packages/werkzeug/_compat.py", "Python", 164, 0, 0, 0, 0, 0, 0, 0, 13, 52, 229
"/home/amirhosein/Desktop/OOVEST/Backend/BotServer/flaskvenv/lib/python3.6/site-packages/werkzeug/_internal.py", "Python", 300, 0, 0, 0, 0, 0, 0, 0, 97, 77, 474
"/home/amirhosein/Desktop/OOVEST/Backend/BotServer/flaskvenv/lib/python3.6/site-packages/werkzeug/_reloader.py", "Python", 238, 0, 0, 0, 0, 0, 0, 0, 43, 61, 342
"/home/amirhosein/Desktop/OOVEST/Backend/BotServer/flaskvenv/lib/python3.6/site-packages/werkzeug/datastructures.py", "Python", 1651, 0, 0, 0, 0, 0, 0, 0, 996, 474, 3121
"/home/amirhosein/Desktop/OOVEST/Backend/BotServer/flaskvenv/lib/python3.6/site-packages/werkzeug/debug/__init__.py", "Python", 334, 0, 0, 0, 0, 0, 0, 0, 101, 64, 499
"/home/amirhosein/Desktop/OOVEST/Backend/BotServer/flaskvenv/lib/python3.6/site-packages/werkzeug/debug/console.py", "Python", 154, 0, 0, 0, 0, 0, 0, 0, 17, 48, 219
"/home/amirhosein/Desktop/OOVEST/Backend/BotServer/flaskvenv/lib/python3.6/site-packages/werkzeug/debug/repr.py", "Python", 224, 0, 0, 0, 0, 0, 0, 0, 36, 38, 298
"/home/amirhosein/Desktop/OOVEST/Backend/BotServer/flaskvenv/lib/python3.6/site-packages/werkzeug/debug/shared/debugger.js", "JavaScript", 0, 0, 0, 0, 0, 173, 0, 0, 22, 16, 211
"/home/amirhosein/Desktop/OOVEST/Backend/BotServer/flaskvenv/lib/python3.6/site-packages/werkzeug/debug/shared/jquery.js", "JavaScript", 0, 0, 0, 0, 0, 1, 0, 0, 1, 1, 3
"/home/amirhosein/Desktop/OOVEST/Backend/BotServer/flaskvenv/lib/python3.6/site-packages/werkzeug/debug/shared/style.css", "CSS", 0, 0, 0, 0, 0, 0, 135, 0, 1, 19, 155
"/home/amirhosein/Desktop/OOVEST/Backend/BotServer/flaskvenv/lib/python3.6/site-packages/werkzeug/debug/tbtools.py", "Python", 398, 0, 0, 0, 0, 0, 0, 0, 153, 78, 629
"/home/amirhosein/Desktop/OOVEST/Backend/BotServer/flaskvenv/lib/python3.6/site-packages/werkzeug/exceptions.py", "Python", 320, 0, 0, 0, 0, 0, 0, 0, 357, 153, 830
"/home/amirhosein/Desktop/OOVEST/Backend/BotServer/flaskvenv/lib/python3.6/site-packages/werkzeug/filesystem.py", "Python", 28, 0, 0, 0, 0, 0, 0, 0, 27, 10, 65
"/home/amirhosein/Desktop/OOVEST/Backend/BotServer/flaskvenv/lib/python3.6/site-packages/werkzeug/formparser.py", "Python", 349, 0, 0, 0, 0, 0, 0, 0, 166, 70, 585
"/home/amirhosein/Desktop/OOVEST/Backend/BotServer/flaskvenv/lib/python3.6/site-packages/werkzeug/http.py", "Python", 671, 0, 0, 0, 0, 0, 0, 0, 513, 124, 1308
"/home/amirhosein/Desktop/OOVEST/Backend/BotServer/flaskvenv/lib/python3.6/site-packages/werkzeug/local.py", "Python", 221, 0, 0, 0, 0, 0, 0, 0, 148, 52, 421
"/home/amirhosein/Desktop/OOVEST/Backend/BotServer/flaskvenv/lib/python3.6/site-packages/werkzeug/middleware/__init__.py", "Python", 0, 0, 0, 0, 0, 0, 0, 0, 25, 1, 26
"/home/amirhosein/Desktop/OOVEST/Backend/BotServer/flaskvenv/lib/python3.6/site-packages/werkzeug/middleware/dispatcher.py", "Python", 19, 0, 0, 0, 0, 0, 0, 0, 40, 8, 67
"/home/amirhosein/Desktop/OOVEST/Backend/BotServer/flaskvenv/lib/python3.6/site-packages/werkzeug/middleware/http_proxy.py", "Python", 124, 0, 0, 0, 0, 0, 0, 0, 61, 35, 220
"/home/amirhosein/Desktop/OOVEST/Backend/BotServer/flaskvenv/lib/python3.6/site-packages/werkzeug/middleware/lint.py", "Python", 298, 0, 0, 0, 0, 0, 0, 0, 39, 72, 409
"/home/amirhosein/Desktop/OOVEST/Backend/BotServer/flaskvenv/lib/python3.6/site-packages/werkzeug/middleware/profiler.py", "Python", 62, 0, 0, 0, 0, 0, 0, 0, 57, 14, 133
"/home/amirhosein/Desktop/OOVEST/Backend/BotServer/flaskvenv/lib/python3.6/site-packages/werkzeug/middleware/proxy_fix.py", "Python", 61, 0, 0, 0, 0, 0, 0, 0, 97, 12, 170
"/home/amirhosein/Desktop/OOVEST/Backend/BotServer/flaskvenv/lib/python3.6/site-packages/werkzeug/middleware/shared_data.py", "Python", 168, 0, 0, 0, 0, 0, 0, 0, 75, 51, 294
"/home/amirhosein/Desktop/OOVEST/Backend/BotServer/flaskvenv/lib/python3.6/site-packages/werkzeug/posixemulation.py", "Python", 83, 0, 0, 0, 0, 0, 0, 0, 21, 14, 118
"/home/amirhosein/Desktop/OOVEST/Backend/BotServer/flaskvenv/lib/python3.6/site-packages/werkzeug/routing.py", "Python", 1072, 0, 0, 0, 0, 0, 0, 0, 914, 225, 2211
"/home/amirhosein/Desktop/OOVEST/Backend/BotServer/flaskvenv/lib/python3.6/site-packages/werkzeug/security.py", "Python", 118, 0, 0, 0, 0, 0, 0, 0, 95, 37, 250
"/home/amirhosein/Desktop/OOVEST/Backend/BotServer/flaskvenv/lib/python3.6/site-packages/werkzeug/serving.py", "Python", 699, 0, 0, 0, 0, 0, 0, 0, 262, 157, 1118
"/home/amirhosein/Desktop/OOVEST/Backend/BotServer/flaskvenv/lib/python3.6/site-packages/werkzeug/test.py", "Python", 672, 0, 0, 0, 0, 0, 0, 0, 314, 138, 1124
"/home/amirhosein/Desktop/OOVEST/Backend/BotServer/flaskvenv/lib/python3.6/site-packages/werkzeug/testapp.py", "Python", 86, 0, 0, 0, 0, 0, 0, 0, 135, 21, 242
"/home/amirhosein/Desktop/OOVEST/Backend/BotServer/flaskvenv/lib/python3.6/site-packages/werkzeug/urls.py", "Python", 562, 0, 0, 0, 0, 0, 0, 0, 427, 150, 1139
"/home/amirhosein/Desktop/OOVEST/Backend/BotServer/flaskvenv/lib/python3.6/site-packages/werkzeug/useragents.py", "Python", 99, 0, 0, 0, 0, 0, 0, 0, 88, 16, 203
"/home/amirhosein/Desktop/OOVEST/Backend/BotServer/flaskvenv/lib/python3.6/site-packages/werkzeug/utils.py", "Python", 392, 0, 0, 0, 0, 0, 0, 0, 293, 94, 779
"/home/amirhosein/Desktop/OOVEST/Backend/BotServer/flaskvenv/lib/python3.6/site-packages/werkzeug/wrappers/__init__.py", "Python", 16, 0, 0, 0, 0, 0, 0, 0, 20, 1, 37
"/home/amirhosein/Desktop/OOVEST/Backend/BotServer/flaskvenv/lib/python3.6/site-packages/werkzeug/wrappers/accept.py", "Python", 22, 0, 0, 0, 0, 0, 0, 0, 22, 7, 51
"/home/amirhosein/Desktop/OOVEST/Backend/BotServer/flaskvenv/lib/python3.6/site-packages/werkzeug/wrappers/auth.py", "Python", 18, 0, 0, 0, 0, 0, 0, 0, 7, 9, 34
"/home/amirhosein/Desktop/OOVEST/Backend/BotServer/flaskvenv/lib/python3.6/site-packages/werkzeug/wrappers/base_request.py", "Python", 281, 0, 0, 0, 0, 0, 0, 0, 333, 60, 674
"/home/amirhosein/Desktop/OOVEST/Backend/BotServer/flaskvenv/lib/python3.6/site-packages/werkzeug/wrappers/base_response.py", "Python", 309, 0, 0, 0, 0, 0, 0, 0, 333, 59, 701
"/home/amirhosein/Desktop/OOVEST/Backend/BotServer/flaskvenv/lib/python3.6/site-packages/werkzeug/wrappers/common_descriptors.py", "Python", 220, 0, 0, 0, 0, 0, 0, 0, 95, 27, 342
"/home/amirhosein/Desktop/OOVEST/Backend/BotServer/flaskvenv/lib/python3.6/site-packages/werkzeug/wrappers/cors.py", "Python", 70, 0, 0, 0, 0, 0, 0, 0, 16, 15, 101
"/home/amirhosein/Desktop/OOVEST/Backend/BotServer/flaskvenv/lib/python3.6/site-packages/werkzeug/wrappers/etag.py", "Python", 152, 0, 0, 0, 0, 0, 0, 0, 119, 34, 305
"/home/amirhosein/Desktop/OOVEST/Backend/BotServer/flaskvenv/lib/python3.6/site-packages/werkzeug/wrappers/json.py", "Python", 76, 0, 0, 0, 0, 0, 0, 0, 43, 27, 146
"/home/amirhosein/Desktop/OOVEST/Backend/BotServer/flaskvenv/lib/python3.6/site-packages/werkzeug/wrappers/request.py", "Python", 20, 0, 0, 0, 0, 0, 0, 0, 22, 8, 50
"/home/amirhosein/Desktop/OOVEST/Backend/BotServer/flaskvenv/lib/python3.6/site-packages/werkzeug/wrappers/response.py", "Python", 48, 0, 0, 0, 0, 0, 0, 0, 20, 17, 85
"/home/amirhosein/Desktop/OOVEST/Backend/BotServer/flaskvenv/lib/python3.6/site-packages/werkzeug/wrappers/user_agent.py", "Python", 6, 0, 0, 0, 0, 0, 0, 0, 5, 4, 15
"/home/amirhosein/Desktop/OOVEST/Backend/BotServer/flaskvenv/lib/python3.6/site-packages/werkzeug/wsgi.py", "Python", 473, 0, 0, 0, 0, 0, 0, 0, 425, 103, 1001
"/home/amirhosein/Desktop/OOVEST/Backend/BotServer/flaskvenv/lib64/python3.6/site-packages/click/__init__.py", "Python", 69, 0, 0, 0, 0, 0, 0, 0, 8, 3, 80
"/home/amirhosein/Desktop/OOVEST/Backend/BotServer/flaskvenv/lib64/python3.6/site-packages/click/_bashcomplete.py", "Python", 212, 0, 0, 0, 0, 0, 0, 0, 118, 46, 376
"/home/amirhosein/Desktop/OOVEST/Backend/BotServer/flaskvenv/lib64/python3.6/site-packages/click/_compat.py", "Python", 547, 0, 0, 0, 0, 0, 0, 0, 99, 141, 787
"/home/amirhosein/Desktop/OOVEST/Backend/BotServer/flaskvenv/lib64/python3.6/site-packages/click/_termui_impl.py", "Python", 493, 0, 0, 0, 0, 0, 0, 0, 77, 88, 658
"/home/amirhosein/Desktop/OOVEST/Backend/BotServer/flaskvenv/lib64/python3.6/site-packages/click/_textwrap.py", "Python", 32, 0, 0, 0, 0, 0, 0, 0, 0, 6, 38
"/home/amirhosein/Desktop/OOVEST/Backend/BotServer/flaskvenv/lib64/python3.6/site-packages/click/_unicodefun.py", "Python", 110, 0, 0, 0, 0, 0, 0, 0, 2, 20, 132
"/home/amirhosein/Desktop/OOVEST/Backend/BotServer/flaskvenv/lib64/python3.6/site-packages/click/_winconsole.py", "Python", 272, 0, 0, 0, 0, 0, 0, 0, 24, 75, 371
"/home/amirhosein/Desktop/OOVEST/Backend/BotServer/flaskvenv/lib64/python3.6/site-packages/click/core.py", "Python", 1126, 0, 0, 0, 0, 0, 0, 0, 669, 236, 2031
"/home/amirhosein/Desktop/OOVEST/Backend/BotServer/flaskvenv/lib64/python3.6/site-packages/click/decorators.py", "Python", 164, 0, 0, 0, 0, 0, 0, 0, 116, 54, 334
"/home/amirhosein/Desktop/OOVEST/Backend/BotServer/flaskvenv/lib64/python3.6/site-packages/click/exceptions.py", "Python", 141, 0, 0, 0, 0, 0, 0, 0, 61, 52, 254
"/home/amirhosein/Desktop/OOVEST/Backend/BotServer/flaskvenv/lib64/python3.6/site-packages/click/formatting.py", "Python", 177, 0, 0, 0, 0, 0, 0, 0, 66, 41, 284
"/home/amirhosein/Desktop/OOVEST/Backend/BotServer/flaskvenv/lib64/python3.6/site-packages/click/globals.py", "Python", 18, 0, 0, 0, 0, 0, 0, 0, 20, 10, 48
"/home/amirhosein/Desktop/OOVEST/Backend/BotServer/flaskvenv/lib64/python3.6/site-packages/click/parser.py", "Python", 256, 0, 0, 0, 0, 0, 0, 0, 118, 55, 429
"/home/amirhosein/Desktop/OOVEST/Backend/BotServer/flaskvenv/lib64/python3.6/site-packages/click/termui.py", "Python", 299, 0, 0, 0, 0, 0, 0, 0, 324, 59, 682
"/home/amirhosein/Desktop/OOVEST/Backend/BotServer/flaskvenv/lib64/python3.6/site-packages/click/testing.py", "Python", 249, 0, 0, 0, 0, 0, 0, 0, 84, 50, 383
"/home/amirhosein/Desktop/OOVEST/Backend/BotServer/flaskvenv/lib64/python3.6/site-packages/click/types.py", "Python", 458, 0, 0, 0, 0, 0, 0, 0, 189, 116, 763
"/home/amirhosein/Desktop/OOVEST/Backend/BotServer/flaskvenv/lib64/python3.6/site-packages/click/utils.py", "Python", 212, 0, 0, 0, 0, 0, 0, 0, 183, 61, 456
"/home/amirhosein/Desktop/OOVEST/Backend/BotServer/flaskvenv/lib64/python3.6/site-packages/easy_install.py", "Python", 3, 0, 0, 0, 0, 0, 0, 0, 1, 2, 6
"/home/amirhosein/Desktop/OOVEST/Backend/BotServer/flaskvenv/lib64/python3.6/site-packages/flask/__init__.py", "Python", 45, 0, 0, 0, 0, 0, 0, 0, 13, 3, 61
"/home/amirhosein/Desktop/OOVEST/Backend/BotServer/flaskvenv/lib64/python3.6/site-packages/flask/__main__.py", "Python", 3, 0, 0, 0, 0, 0, 0, 0, 10, 3, 16
"/home/amirhosein/Desktop/OOVEST/Backend/BotServer/flaskvenv/lib64/python3.6/site-packages/flask/_compat.py", "Python", 83, 0, 0, 0, 0, 0, 0, 0, 32, 31, 146
"/home/amirhosein/Desktop/OOVEST/Backend/BotServer/flaskvenv/lib64/python3.6/site-packages/flask/app.py", "Python", 840, 0, 0, 0, 0, 0, 0, 0, 1413, 215, 2468
"/home/amirhosein/Desktop/OOVEST/Backend/BotServer/flaskvenv/lib64/python3.6/site-packages/flask/blueprints.py", "Python", 242, 0, 0, 0, 0, 0, 0, 0, 247, 81, 570
"/home/amirhosein/Desktop/OOVEST/Backend/BotServer/flaskvenv/lib64/python3.6/site-packages/flask/cli.py", "Python", 592, 0, 0, 0, 0, 0, 0, 0, 198, 182, 972
"/home/amirhosein/Desktop/OOVEST/Backend/BotServer/flaskvenv/lib64/python3.6/site-packages/flask/config.py", "Python", 99, 0, 0, 0, 0, 0, 0, 0, 152, 19, 270
"/home/amirhosein/Desktop/OOVEST/Backend/BotServer/flaskvenv/lib64/python3.6/site-packages/flask/ctx.py", "Python", 184, 0, 0, 0, 0, 0, 0, 0, 230, 62, 476
"/home/amirhosein/Desktop/OOVEST/Backend/BotServer/flaskvenv/lib64/python3.6/site-packages/flask/debughelpers.py", "Python", 128, 0, 0, 0, 0, 0, 0, 0, 26, 30, 184
"/home/amirhosein/Desktop/OOVEST/Backend/BotServer/flaskvenv/lib64/python3.6/site-packages/flask/globals.py", "Python", 26, 0, 0, 0, 0, 0, 0, 0, 25, 12, 63
"/home/amirhosein/Desktop/OOVEST/Backend/BotServer/flaskvenv/lib64/python3.6/site-packages/flask/helpers.py", "Python", 477, 0, 0, 0, 0, 0, 0, 0, 559, 120, 1156
"/home/amirhosein/Desktop/OOVEST/Backend/BotServer/flaskvenv/lib64/python3.6/site-packages/flask/json/__init__.py", "Python", 155, 0, 0, 0, 0, 0, 0, 0, 166, 56, 377
"/home/amirhosein/Desktop/OOVEST/Backend/BotServer/flaskvenv/lib64/python3.6/site-packages/flask/json/tag.py", "Python", 142, 0, 0, 0, 0, 0, 0, 0, 96, 72, 310
"/home/amirhosein/Desktop/OOVEST/Backend/BotServer/flaskvenv/lib64/python3.6/site-packages/flask/logging.py", "Python", 47, 0, 0, 0, 0, 0, 0, 0, 40, 23, 110
"/home/amirhosein/Desktop/OOVEST/Backend/BotServer/flaskvenv/lib64/python3.6/site-packages/flask/sessions.py", "Python", 161, 0, 0, 0, 0, 0, 0, 0, 166, 62, 389
"/home/amirhosein/Desktop/OOVEST/Backend/BotServer/flaskvenv/lib64/python3.6/site-packages/flask/signals.py", "Python", 34, 0, 0, 0, 0, 0, 0, 0, 20, 12, 66
"/home/amirhosein/Desktop/OOVEST/Backend/BotServer/flaskvenv/lib64/python3.6/site-packages/flask/templating.py", "Python", 89, 0, 0, 0, 0, 0, 0, 0, 38, 29, 156
"/home/amirhosein/Desktop/OOVEST/Backend/BotServer/flaskvenv/lib64/python3.6/site-packages/flask/testing.py", "Python", 146, 0, 0, 0, 0, 0, 0, 0, 100, 38, 284
"/home/amirhosein/Desktop/OOVEST/Backend/BotServer/flaskvenv/lib64/python3.6/site-packages/flask/views.py", "Python", 48, 0, 0, 0, 0, 0, 0, 0, 91, 25, 164
"/home/amirhosein/Desktop/OOVEST/Backend/BotServer/flaskvenv/lib64/python3.6/site-packages/flask/wrappers.py", "Python", 47, 0, 0, 0, 0, 0, 0, 0, 68, 23, 138
"/home/amirhosein/Desktop/OOVEST/Backend/BotServer/flaskvenv/lib64/python3.6/site-packages/flask_script/__init__.py", "Python", 202, 0, 0, 0, 0, 0, 0, 0, 137, 83, 422
"/home/amirhosein/Desktop/OOVEST/Backend/BotServer/flaskvenv/lib64/python3.6/site-packages/flask_script/_compat.py", "Python", 71, 0, 0, 0, 0, 0, 0, 0, 21, 24, 116
"/home/amirhosein/Desktop/OOVEST/Backend/BotServer/flaskvenv/lib64/python3.6/site-packages/flask_script/cli.py", "Python", 47, 0, 0, 0, 0, 0, 0, 0, 31, 17, 95
"/home/amirhosein/Desktop/OOVEST/Backend/BotServer/flaskvenv/lib64/python3.6/site-packages/flask_script/commands.py", "Python", 337, 0, 0, 0, 0, 0, 0, 0, 137, 88, 562
"/home/amirhosein/Desktop/OOVEST/Backend/BotServer/flaskvenv/lib64/python3.6/site-packages/itsdangerous/__init__.py", "Python", 21, 0, 0, 0, 0, 0, 0, 0, 0, 2, 23
"/home/amirhosein/Desktop/OOVEST/Backend/BotServer/flaskvenv/lib64/python3.6/site-packages/itsdangerous/_compat.py", "Python", 24, 0, 0, 0, 0, 0, 0, 0, 14, 9, 47
"/home/amirhosein/Desktop/OOVEST/Backend/BotServer/flaskvenv/lib64/python3.6/site-packages/itsdangerous/_json.py", "Python", 13, 0, 0, 0, 0, 0, 0, 0, 1, 5, 19
"/home/amirhosein/Desktop/OOVEST/Backend/BotServer/flaskvenv/lib64/python3.6/site-packages/itsdangerous/encoding.py", "Python", 27, 0, 0, 0, 0, 0, 0, 0, 7, 16, 50
"/home/amirhosein/Desktop/OOVEST/Backend/BotServer/flaskvenv/lib64/python3.6/site-packages/itsdangerous/exc.py", "Python", 31, 0, 0, 0, 0, 0, 0, 0, 41, 27, 99
"/home/amirhosein/Desktop/OOVEST/Backend/BotServer/flaskvenv/lib64/python3.6/site-packages/itsdangerous/jws.py", "Python", 170, 0, 0, 0, 0, 0, 0, 0, 21, 28, 219
"/home/amirhosein/Desktop/OOVEST/Backend/BotServer/flaskvenv/lib64/python3.6/site-packages/itsdangerous/serializer.py", "Python", 108, 0, 0, 0, 0, 0, 0, 0, 105, 21, 234
"/home/amirhosein/Desktop/OOVEST/Backend/BotServer/flaskvenv/lib64/python3.6/site-packages/itsdangerous/signer.py", "Python", 98, 0, 0, 0, 0, 0, 0, 0, 57, 25, 180
"/home/amirhosein/Desktop/OOVEST/Backend/BotServer/flaskvenv/lib64/python3.6/site-packages/itsdangerous/timed.py", "Python", 85, 0, 0, 0, 0, 0, 0, 0, 43, 20, 148
"/home/amirhosein/Desktop/OOVEST/Backend/BotServer/flaskvenv/lib64/python3.6/site-packages/itsdangerous/url_safe.py", "Python", 43, 0, 0, 0, 0, 0, 0, 0, 12, 11, 66
"/home/amirhosein/Desktop/OOVEST/Backend/BotServer/flaskvenv/lib64/python3.6/site-packages/jinja2/__init__.py", "Python", 37, 0, 0, 0, 0, 0, 0, 0, 5, 3, 45
"/home/amirhosein/Desktop/OOVEST/Backend/BotServer/flaskvenv/lib64/python3.6/site-packages/jinja2/_compat.py", "Python", 92, 0, 0, 0, 0, 0, 0, 0, 7, 34, 133
"/home/amirhosein/Desktop/OOVEST/Backend/BotServer/flaskvenv/lib64/python3.6/site-packages/jinja2/_identifier.py", "Python", 4, 0, 0, 0, 0, 0, 0, 0, 1, 2, 7
"/home/amirhosein/Desktop/OOVEST/Backend/BotServer/flaskvenv/lib64/python3.6/site-packages/jinja2/asyncfilters.py", "Python", 113, 0, 0, 0, 0, 0, 0, 0, 2, 44, 159
"/home/amirhosein/Desktop/OOVEST/Backend/BotServer/flaskvenv/lib64/python3.6/site-packages/jinja2/asyncsupport.py", "Python", 189, 0, 0, 0, 0, 0, 0, 0, 4, 72, 265
"/home/amirhosein/Desktop/OOVEST/Backend/BotServer/flaskvenv/lib64/python3.6/site-packages/jinja2/bccache.py", "Python", 176, 0, 0, 0, 0, 0, 0, 0, 135, 40, 351
"/home/amirhosein/Desktop/OOVEST/Backend/BotServer/flaskvenv/lib64/python3.6/site-packages/jinja2/compiler.py", "Python", 1363, 0, 0, 0, 0, 0, 0, 0, 228, 253, 1844
"/home/amirhosein/Desktop/OOVEST/Backend/BotServer/flaskvenv/lib64/python3.6/site-packages/jinja2/constants.py", "Python", 1, 0, 0, 0, 0, 0, 0, 0, 20, 1, 22
"/home/amirhosein/Desktop/OOVEST/Backend/BotServer/flaskvenv/lib64/python3.6/site-packages/jinja2/debug.py", "Python", 149, 0, 0, 0, 0, 0, 0, 0, 70, 50, 269
"/home/amirhosein/Desktop/OOVEST/Backend/BotServer/flaskvenv/lib64/python3.6/site-packages/jinja2/defaults.py", "Python", 36, 0, 0, 0, 0, 0, 0, 0, 4, 5, 45
"/home/amirhosein/Desktop/OOVEST/Backend/BotServer/flaskvenv/lib64/python3.6/site-packages/jinja2/environment.py", "Python", 714, 0, 0, 0, 0, 0, 0, 0, 513, 136, 1363
"/home/amirhosein/Desktop/OOVEST/Backend/BotServer/flaskvenv/lib64/python3.6/site-packages/jinja2/exceptions.py", "Python", 89, 0, 0, 0, 0, 0, 0, 0, 45, 44, 178
"/home/amirhosein/Desktop/OOVEST/Backend/BotServer/flaskvenv/lib64/python3.6/site-packages/jinja2/ext.py", "Python", 429, 0, 0, 0, 0, 0, 0, 0, 180, 96, 705
"/home/amirhosein/Desktop/OOVEST/Backend/BotServer/flaskvenv/lib64/python3.6/site-packages/jinja2/filters.py", "Python", 569, 0, 0, 0, 0, 0, 0, 0, 650, 164, 1383
"/home/amirhosein/Desktop/OOVEST/Backend/BotServer/flaskvenv/lib64/python3.6/site-packages/jinja2/idtracking.py", "Python", 218, 0, 0, 0, 0, 0, 0, 0, 16, 57, 291
"/home/amirhosein/Desktop/OOVEST/Backend/BotServer/flaskvenv/lib64/python3.6/site-packages/jinja2/lexer.py", "Python", 616, 0, 0, 0, 0, 0, 0, 0, 148, 85, 849
"/home/amirhosein/Desktop/OOVEST/Backend/BotServer/flaskvenv/lib64/python3.6/site-packages/jinja2/loaders.py", "Python", 249, 0, 0, 0, 0, 0, 0, 0, 177, 79, 505
"/home/amirhosein/Desktop/OOVEST/Backend/BotServer/flaskvenv/lib64/python3.6/site-packages/jinja2/meta.py", "Python", 43, 0, 0, 0, 0, 0, 0, 0, 49, 10, 102
"/home/amirhosein/Desktop/OOVEST/Backend/BotServer/flaskvenv/lib64/python3.6/site-packages/jinja2/nativetypes.py", "Python", 51, 0, 0, 0, 0, 0, 0, 0, 18, 26, 95
"/home/amirhosein/Desktop/OOVEST/Backend/BotServer/flaskvenv/lib64/python3.6/site-packages/jinja2/nodes.py", "Python", 519, 0, 0, 0, 0, 0, 0, 0, 275, 295, 1089
"/home/amirhosein/Desktop/OOVEST/Backend/BotServer/flaskvenv/lib64/python3.6/site-packages/jinja2/optimizer.py", "Python", 20, 0, 0, 0, 0, 0, 0, 0, 14, 8, 42
"/home/amirhosein/Desktop/OOVEST/Backend/BotServer/flaskvenv/lib64/python3.6/site-packages/jinja2/parser.py", "Python", 772, 0, 0, 0, 0, 0, 0, 0, 82, 86, 940
"/home/amirhosein/Desktop/OOVEST/Backend/BotServer/flaskvenv/lib64/python3.6/site-packages/jinja2/runtime.py", "Python", 611, 0, 0, 0, 0, 0, 0, 0, 251, 150, 1012
"/home/amirhosein/Desktop/OOVEST/Backend/BotServer/flaskvenv/lib64/python3.6/site-packages/jinja2/sandbox.py", "Python", 281, 0, 0, 0, 0, 0, 0, 0, 160, 70, 511
"/home/amirhosein/Desktop/OOVEST/Backend/BotServer/flaskvenv/lib64/python3.6/site-packages/jinja2/tests.py", "Python", 101, 0, 0, 0, 0, 0, 0, 0, 68, 47, 216
"/home/amirhosein/Desktop/OOVEST/Backend/BotServer/flaskvenv/lib64/python3.6/site-packages/jinja2/utils.py", "Python", 395, 0, 0, 0, 0, 0, 0, 0, 223, 120, 738
"/home/amirhosein/Desktop/OOVEST/Backend/BotServer/flaskvenv/lib64/python3.6/site-packages/jinja2/visitor.py", "Python", 40, 0, 0, 0, 0, 0, 0, 0, 32, 10, 82
"/home/amirhosein/Desktop/OOVEST/Backend/BotServer/flaskvenv/lib64/python3.6/site-packages/markupsafe/__init__.py", "Python", 188, 0, 0, 0, 0, 0, 0, 0, 77, 63, 328
"/home/amirhosein/Desktop/OOVEST/Backend/BotServer/flaskvenv/lib64/python3.6/site-packages/markupsafe/_compat.py", "Python", 18, 0, 0, 0, 0, 0, 0, 0, 8, 8, 34
"/home/amirhosein/Desktop/OOVEST/Backend/BotServer/flaskvenv/lib64/python3.6/site-packages/markupsafe/_constants.py", "Python", 255, 0, 0, 0, 0, 0, 0, 0, 8, 2, 265
"/home/amirhosein/Desktop/OOVEST/Backend/BotServer/flaskvenv/lib64/python3.6/site-packages/markupsafe/_native.py", "Python", 21, 0, 0, 0, 0, 0, 0, 0, 42, 7, 70
"/home/amirhosein/Desktop/OOVEST/Backend/BotServer/flaskvenv/lib64/python3.6/site-packages/markupsafe/_speedups.c", "C", 0, 0, 0, 0, 345, 0, 0, 0, 23, 56, 424
"/home/amirhosein/Desktop/OOVEST/Backend/BotServer/flaskvenv/lib64/python3.6/site-packages/pip-9.0.1.dist-info/metadata.json", "JSON", 0, 0, 0, 1, 0, 0, 0, 0, 0, 0, 1
"/home/amirhosein/Desktop/OOVEST/Backend/BotServer/flaskvenv/lib64/python3.6/site-packages/pip/__init__.py", "Python", 231, 0, 0, 0, 0, 0, 0, 0, 49, 59, 339
"/home/amirhosein/Desktop/OOVEST/Backend/BotServer/flaskvenv/lib64/python3.6/site-packages/pip/__main__.py", "Python", 9, 0, 0, 0, 0, 0, 0, 0, 6, 5, 20
"/home/amirhosein/Desktop/OOVEST/Backend/BotServer/flaskvenv/lib64/python3.6/site-packages/pip/_vendor/__init__.py", "Python", 68, 0, 0, 0, 0, 0, 0, 0, 34, 10, 112
"/home/amirhosein/Desktop/OOVEST/Backend/BotServer/flaskvenv/lib64/python3.6/site-packages/pip/basecommand.py", "Python", 263, 0, 0, 0, 0, 0, 0, 0, 28, 47, 338
"/home/amirhosein/Desktop/OOVEST/Backend/BotServer/flaskvenv/lib64/python3.6/site-packages/pip/baseparser.py", "Python", 185, 0, 0, 0, 0, 0, 0, 0, 59, 50, 294
"/home/amirhosein/Desktop/OOVEST/Backend/BotServer/flaskvenv/lib64/python3.6/site-packages/pip/cmdoptions.py", "Python", 500, 0, 0, 0, 0, 0, 0, 0, 43, 91, 634
"/home/amirhosein/Desktop/OOVEST/Backend/BotServer/flaskvenv/lib64/python3.6/site-packages/pip/commands/__init__.py", "Python", 63, 0, 0, 0, 0, 0, 0, 0, 6, 18, 87
"/home/amirhosein/Desktop/OOVEST/Backend/BotServer/flaskvenv/lib64/python3.6/site-packages/pip/commands/check.py", "Python", 27, 0, 0, 0, 0, 0, 0, 0, 2, 11, 40
"/home/amirhosein/Desktop/OOVEST/Backend/BotServer/flaskvenv/lib64/python3.6/site-packages/pip/commands/completion.py", "Python", 44, 0, 0, 0, 0, 0, 0, 0, 27, 11, 82
"/home/amirhosein/Desktop/OOVEST/Backend/BotServer/flaskvenv/lib64/python3.6/site-packages/pip/commands/download.py", "Python", 164, 0, 0, 0, 0, 0, 0, 0, 17, 32, 213
"/home/amirhosein/Desktop/OOVEST/Backend/BotServer/flaskvenv/lib64/python3.6/site-packages/pip/commands/freeze.py", "Python", 69, 0, 0, 0, 0, 0, 0, 0, 6, 13, 88
"/home/amirhosein/Desktop/OOVEST/Backend/BotServer/flaskvenv/lib64/python3.6/site-packages/pip/commands/hash.py", "Python", 38, 0, 0, 0, 0, 0, 0, 0, 8, 12, 58
"/home/amirhosein/Desktop/OOVEST/Backend/BotServer/flaskvenv/lib64/python3.6/site-packages/pip/commands/help.py", "Python", 22, 0, 0, 0, 0, 0, 0, 0, 3, 11, 36
"/home/amirhosein/Desktop/OOVEST/Backend/BotServer/flaskvenv/lib64/python3.6/site-packages/pip/commands/install.py", "Python", 373, 0, 0, 0, 0, 0, 0, 0, 25, 58, 456
"/home/amirhosein/Desktop/OOVEST/Backend/BotServer/flaskvenv/lib64/python3.6/site-packages/pip/commands/list.py", "Python", 261, 0, 0, 0, 0, 0, 0, 0, 22, 55, 338
"/home/amirhosein/Desktop/OOVEST/Backend/BotServer/flaskvenv/lib64/python3.6/site-packages/pip/commands/search.py", "Python", 101, 0, 0, 0, 0, 0, 0, 0, 9, 24, 134
"/home/amirhosein/Desktop/OOVEST/Backend/BotServer/flaskvenv/lib64/python3.6/site-packages/pip/commands/show.py", "Python", 115, 0, 0, 0, 0, 0, 0, 0, 16, 24, 155
"/home/amirhosein/Desktop/OOVEST/Backend/BotServer/flaskvenv/lib64/python3.6/site-packages/pip/commands/uninstall.py", "Python", 59, 0, 0, 0, 0, 0, 0, 0, 11, 7, 77
"/home/amirhosein/Desktop/OOVEST/Backend/BotServer/flaskvenv/lib64/python3.6/site-packages/pip/commands/wheel.py", "Python", 160, 0, 0, 0, 0, 0, 0, 0, 20, 29, 209
"/home/amirhosein/Desktop/OOVEST/Backend/BotServer/flaskvenv/lib64/python3.6/site-packages/pip/compat/__init__.py", "Python", 105, 0, 0, 0, 0, 0, 0, 0, 29, 31, 165
"/home/amirhosein/Desktop/OOVEST/Backend/BotServer/flaskvenv/lib64/python3.6/site-packages/pip/compat/dictconfig.py", "Python", 401, 0, 0, 0, 0, 0, 0, 0, 112, 53, 566
"/home/amirhosein/Desktop/OOVEST/Backend/BotServer/flaskvenv/lib64/python3.6/site-packages/pip/download.py", "Python", 558, 0, 0, 0, 0, 0, 0, 0, 203, 166, 927
"/home/amirhosein/Desktop/OOVEST/Backend/BotServer/flaskvenv/lib64/python3.6/site-packages/pip/exceptions.py", "Python", 97, 0, 0, 0, 0, 0, 0, 0, 88, 60, 245
"/home/amirhosein/Desktop/OOVEST/Backend/BotServer/flaskvenv/lib64/python3.6/site-packages/pip/index.py", "Python", 750, 0, 0, 0, 0, 0, 0, 0, 191, 162, 1103
"/home/amirhosein/Desktop/OOVEST/Backend/BotServer/flaskvenv/lib64/python3.6/site-packages/pip/locations.py", "Python", 113, 0, 0, 0, 0, 0, 0, 0, 34, 36, 183
"/home/amirhosein/Desktop/OOVEST/Backend/BotServer/flaskvenv/lib64/python3.6/site-packages/pip/models/__init__.py", "Python", 2, 0, 0, 0, 0, 0, 0, 0, 0, 3, 5
"/home/amirhosein/Desktop/OOVEST/Backend/BotServer/flaskvenv/lib64/python3.6/site-packages/pip/models/index.py", "Python", 11, 0, 0, 0, 0, 0, 0, 0, 0, 6, 17
"/home/amirhosein/Desktop/OOVEST/Backend/BotServer/flaskvenv/lib64/python3.6/site-packages/pip/operations/__init__.py", "Python", 0, 0, 0, 0, 0, 0, 0, 0, 0, 1, 1
"/home/amirhosein/Desktop/OOVEST/Backend/BotServer/flaskvenv/lib64/python3.6/site-packages/pip/operations/check.py", "Python", 28, 0, 0, 0, 0, 0, 0, 0, 8, 14, 50
"/home/amirhosein/Desktop/OOVEST/Backend/BotServer/flaskvenv/lib64/python3.6/site-packages/pip/operations/freeze.py", "Python", 115, 0, 0, 0, 0, 0, 0, 0, 4, 14, 133
"/home/amirhosein/Desktop/OOVEST/Backend/BotServer/flaskvenv/lib64/python3.6/site-packages/pip/pep425tags.py", "Python", 194, 0, 0, 0, 0, 0, 0, 0, 73, 58, 325
"/home/amirhosein/Desktop/OOVEST/Backend/BotServer/flaskvenv/lib64/python3.6/site-packages/pip/req/__init__.py", "Python", 8, 0, 0, 0, 0, 0, 0, 0, 0, 3, 11
"/home/amirhosein/Desktop/OOVEST/Backend/BotServer/flaskvenv/lib64/python3.6/site-packages/pip/req/req_file.py", "Python", 222, 0, 0, 0, 0, 0, 0, 0, 78, 43, 343
"/home/amirhosein/Desktop/OOVEST/Backend/BotServer/flaskvenv/lib64/python3.6/site-packages/pip/req/req_install.py", "Python", 918, 0, 0, 0, 0, 0, 0, 0, 166, 121, 1205
"/home/amirhosein/Desktop/OOVEST/Backend/BotServer/flaskvenv/lib64/python3.6/site-packages/pip/req/req_set.py", "Python", 519, 0, 0, 0, 0, 0, 0, 0, 199, 81, 799
"/home/amirhosein/Desktop/OOVEST/Backend/BotServer/flaskvenv/lib64/python3.6/site-packages/pip/req/req_uninstall.py", "Python", 147, 0, 0, 0, 0, 0, 0, 0, 24, 25, 196
"/home/amirhosein/Desktop/OOVEST/Backend/BotServer/flaskvenv/lib64/python3.6/site-packages/pip/status_codes.py", "Python", 7, 0, 0, 0, 0, 0, 0, 0, 0, 2, 9
"/home/amirhosein/Desktop/OOVEST/Backend/BotServer/flaskvenv/lib64/python3.6/site-packages/pip/utils/__init__.py", "Python", 562, 0, 0, 0, 0, 0, 0, 0, 196, 113, 871
"/home/amirhosein/Desktop/OOVEST/Backend/BotServer/flaskvenv/lib64/python3.6/site-packages/pip/utils/appdirs.py", "Python", 104, 0, 0, 0, 0, 0, 0, 0, 112, 33, 249
"/home/amirhosein/Desktop/OOVEST/Backend/BotServer/flaskvenv/lib64/python3.6/site-packages/pip/utils/build.py", "Python", 23, 0, 0, 0, 0, 0, 0, 0, 8, 12, 43
"/home/amirhosein/Desktop/OOVEST/Backend/BotServer/flaskvenv/lib64/python3.6/site-packages/pip/utils/deprecation.py", "Python", 38, 0, 0, 0, 0, 0, 0, 0, 15, 24, 77
"/home/amirhosein/Desktop/OOVEST/Backend/BotServer/flaskvenv/lib64/python3.6/site-packages/pip/utils/encoding.py", "Python", 22, 0, 0, 0, 0, 0, 0, 0, 4, 6, 32
"/home/amirhosein/Desktop/OOVEST/Backend/BotServer/flaskvenv/lib64/python3.6/site-packages/pip/utils/filesystem.py", "Python", 19, 0, 0, 0, 0, 0, 0, 0, 5, 5, 29
"/home/amirhosein/Desktop/OOVEST/Backend/BotServer/flaskvenv/lib64/python3.6/site-packages/pip/utils/glibc.py", "Python", 36, 0, 0, 0, 0, 0, 0, 0, 33, 13, 82
"/home/amirhosein/Desktop/OOVEST/Backend/BotServer/flaskvenv/lib64/python3.6/site-packages/pip/utils/hashes.py", "Python", 40, 0, 0, 0, 0, 0, 0, 0, 33, 20, 93
"/home/amirhosein/Desktop/OOVEST/Backend/BotServer/flaskvenv/lib64/python3.6/site-packages/pip/utils/logging.py", "Python", 79, 0, 0, 0, 0, 0, 0, 0, 16, 36, 131
"/home/amirhosein/Desktop/OOVEST/Backend/BotServer/flaskvenv/lib64/python3.6/site-packages/pip/utils/outdated.py", "Python", 112, 0, 0, 0, 0, 0, 0, 0, 19, 32, 163
"/home/amirhosein/Desktop/OOVEST/Backend/BotServer/flaskvenv/lib64/python3.6/site-packages/pip/utils/packaging.py", "Python", 40, 0, 0, 0, 0, 0, 0, 0, 11, 13, 64
"/home/amirhosein/Desktop/OOVEST/Backend/BotServer/flaskvenv/lib64/python3.6/site-packages/pip/utils/setuptools_build.py", "Python", 7, 0, 0, 0, 0, 0, 0, 0, 1, 1, 9
"/home/amirhosein/Desktop/OOVEST/Backend/BotServer/flaskvenv/lib64/python3.6/site-packages/pip/utils/ui.py", "Python", 198, 0, 0, 0, 0, 0, 0, 0, 86, 61, 345
"/home/amirhosein/Desktop/OOVEST/Backend/BotServer/flaskvenv/lib64/python3.6/site-packages/pip/vcs/__init__.py", "Python", 236, 0, 0, 0, 0, 0, 0, 0, 85, 46, 367
"/home/amirhosein/Desktop/OOVEST/Backend/BotServer/flaskvenv/lib64/python3.6/site-packages/pip/vcs/bazaar.py", "Python", 88, 0, 0, 0, 0, 0, 0, 0, 9, 20, 117
"/home/amirhosein/Desktop/OOVEST/Backend/BotServer/flaskvenv/lib64/python3.6/site-packages/pip/vcs/git.py", "Python", 220, 0, 0, 0, 0, 0, 0, 0, 41, 40, 301
"/home/amirhosein/Desktop/OOVEST/Backend/BotServer/flaskvenv/lib64/python3.6/site-packages/pip/vcs/mercurial.py", "Python", 85, 0, 0, 0, 0, 0, 0, 0, 2, 17, 104
"/home/amirhosein/Desktop/OOVEST/Backend/BotServer/flaskvenv/lib64/python3.6/site-packages/pip/vcs/subversion.py", "Python", 207, 0, 0, 0, 0, 0, 0, 0, 25, 38, 270
"/home/amirhosein/Desktop/OOVEST/Backend/BotServer/flaskvenv/lib64/python3.6/site-packages/pip/wheel.py", "Python", 548, 0, 0, 0, 0, 0, 0, 0, 202, 104, 854
"/home/amirhosein/Desktop/OOVEST/Backend/BotServer/flaskvenv/lib64/python3.6/site-packages/pkg_resources-0.0.0.dist-info/metadata.json", "JSON", 0, 0, 0, 1, 0, 0, 0, 0, 0, 0, 1
"/home/amirhosein/Desktop/OOVEST/Backend/BotServer/flaskvenv/lib64/python3.6/site-packages/pkg_resources/__init__.py", "Python", 1764, 0, 0, 0, 0, 0, 0, 0, 822, 540, 3126
"/home/amirhosein/Desktop/OOVEST/Backend/BotServer/flaskvenv/lib64/python3.6/site-packages/pkg_resources/_vendor/__init__.py", "Python", 0, 0, 0, 0, 0, 0, 0, 0, 0, 1, 1
"/home/amirhosein/Desktop/OOVEST/Backend/BotServer/flaskvenv/lib64/python3.6/site-packages/pkg_resources/_vendor/appdirs.py", "Python", 283, 0, 0, 0, 0, 0, 0, 0, 211, 59, 553
"/home/amirhosein/Desktop/OOVEST/Backend/BotServer/flaskvenv/lib64/python3.6/site-packages/pkg_resources/_vendor/packaging/__about__.py", "Python", 13, 0, 0, 0, 0, 0, 0, 0, 3, 6, 22
"/home/amirhosein/Desktop/OOVEST/Backend/BotServer/flaskvenv/lib64/python3.6/site-packages/pkg_resources/_vendor/packaging/__init__.py", "Python", 9, 0, 0, 0, 0, 0, 0, 0, 3, 3, 15
"/home/amirhosein/Desktop/OOVEST/Backend/BotServer/flaskvenv/lib64/python3.6/site-packages/pkg_resources/_vendor/packaging/_compat.py", "Python", 13, 0, 0, 0, 0, 0, 0, 0, 10, 8, 31
"/home/amirhosein/Desktop/OOVEST/Backend/BotServer/flaskvenv/lib64/python3.6/site-packages/pkg_resources/_vendor/packaging/_structures.py", "Python", 41, 0, 0, 0, 0, 0, 0, 0, 3, 25, 69
"/home/amirhosein/Desktop/OOVEST/Backend/BotServer/flaskvenv/lib64/python3.6/site-packages/pkg_resources/_vendor/packaging/markers.py", "Python", 202, 0, 0, 0, 0, 0, 0, 0, 25, 75, 302
"/home/amirhosein/Desktop/OOVEST/Backend/BotServer/flaskvenv/lib64/python3.6/site-packages/pkg_resources/_vendor/packaging/requirements.py", "Python", 80, 0, 0, 0, 0, 0, 0, 0, 16, 32, 128
"/home/amirhosein/Desktop/OOVEST/Backend/BotServer/flaskvenv/lib64/python3.6/site-packages/pkg_resources/_vendor/packaging/specifiers.py", "Python", 375, 0, 0, 0, 0, 0, 0, 0, 262, 138, 775
"/home/amirhosein/Desktop/OOVEST/Backend/BotServer/flaskvenv/lib64/python3.6/site-packages/pkg_resources/_vendor/packaging/utils.py", "Python", 5, 0, 0, 0, 0, 0, 0, 0, 4, 6, 15
"/home/amirhosein/Desktop/OOVEST/Backend/BotServer/flaskvenv/lib64/python3.6/site-packages/pkg_resources/_vendor/packaging/version.py", "Python", 212, 0, 0, 0, 0, 0, 0, 0, 95, 87, 394
"/home/amirhosein/Desktop/OOVEST/Backend/BotServer/flaskvenv/lib64/python3.6/site-packages/pkg_resources/_vendor/pyparsing.py", "Python", 2814, 0, 0, 0, 0, 0, 0, 0, 2345, 538, 5697
"/home/amirhosein/Desktop/OOVEST/Backend/BotServer/flaskvenv/lib64/python3.6/site-packages/pkg_resources/_vendor/six.py", "Python", 615, 0, 0, 0, 0, 0, 0, 0, 88, 166, 869
"/home/amirhosein/Desktop/OOVEST/Backend/BotServer/flaskvenv/lib64/python3.6/site-packages/pkg_resources/extern/__init__.py", "Python", 42, 0, 0, 0, 0, 0, 0, 0, 22, 10, 74
"/home/amirhosein/Desktop/OOVEST/Backend/BotServer/flaskvenv/lib64/python3.6/site-packages/pkg_resources/py31compat.py", "Python", 15, 0, 0, 0, 0, 0, 0, 0, 3, 5, 23
"/home/amirhosein/Desktop/OOVEST/Backend/BotServer/flaskvenv/lib64/python3.6/site-packages/setuptools-39.0.1.dist-info/metadata.json", "JSON", 0, 0, 0, 1, 0, 0, 0, 0, 0, 0, 1
"/home/amirhosein/Desktop/OOVEST/Backend/BotServer/flaskvenv/lib64/python3.6/site-packages/setuptools/__init__.py", "Python", 89, 0, 0, 0, 0, 0, 0, 0, 51, 41, 181
"/home/amirhosein/Desktop/OOVEST/Backend/BotServer/flaskvenv/lib64/python3.6/site-packages/setuptools/_vendor/__init__.py", "Python", 0, 0, 0, 0, 0, 0, 0, 0, 0, 1, 1
"/home/amirhosein/Desktop/OOVEST/Backend/BotServer/flaskvenv/lib64/python3.6/site-packages/setuptools/_vendor/packaging/__about__.py", "Python", 13, 0, 0, 0, 0, 0, 0, 0, 3, 6, 22
"/home/amirhosein/Desktop/OOVEST/Backend/BotServer/flaskvenv/lib64/python3.6/site-packages/setuptools/_vendor/packaging/__init__.py", "Python", 9, 0, 0, 0, 0, 0, 0, 0, 3, 3, 15
"/home/amirhosein/Desktop/OOVEST/Backend/BotServer/flaskvenv/lib64/python3.6/site-packages/setuptools/_vendor/packaging/_compat.py", "Python", 13, 0, 0, 0, 0, 0, 0, 0, 10, 8, 31
"/home/amirhosein/Desktop/OOVEST/Backend/BotServer/flaskvenv/lib64/python3.6/site-packages/setuptools/_vendor/packaging/_structures.py", "Python", 41, 0, 0, 0, 0, 0, 0, 0, 3, 25, 69
"/home/amirhosein/Desktop/OOVEST/Backend/BotServer/flaskvenv/lib64/python3.6/site-packages/setuptools/_vendor/packaging/markers.py", "Python", 202, 0, 0, 0, 0, 0, 0, 0, 25, 75, 302
"/home/amirhosein/Desktop/OOVEST/Backend/BotServer/flaskvenv/lib64/python3.6/site-packages/setuptools/_vendor/packaging/requirements.py", "Python", 80, 0, 0, 0, 0, 0, 0, 0, 16, 32, 128
"/home/amirhosein/Desktop/OOVEST/Backend/BotServer/flaskvenv/lib64/python3.6/site-packages/setuptools/_vendor/packaging/specifiers.py", "Python", 375, 0, 0, 0, 0, 0, 0, 0, 262, 138, 775
"/home/amirhosein/Desktop/OOVEST/Backend/BotServer/flaskvenv/lib64/python3.6/site-packages/setuptools/_vendor/packaging/utils.py", "Python", 5, 0, 0, 0, 0, 0, 0, 0, 4, 6, 15
"/home/amirhosein/Desktop/OOVEST/Backend/BotServer/flaskvenv/lib64/python3.6/site-packages/setuptools/_vendor/packaging/version.py", "Python", 212, 0, 0, 0, 0, 0, 0, 0, 95, 87, 394
"/home/amirhosein/Desktop/OOVEST/Backend/BotServer/flaskvenv/lib64/python3.6/site-packages/setuptools/_vendor/pyparsing.py", "Python", 2812, 0, 0, 0, 0, 0, 0, 0, 2347, 538, 5697
"/home/amirhosein/Desktop/OOVEST/Backend/BotServer/flaskvenv/lib64/python3.6/site-packages/setuptools/_vendor/six.py", "Python", 615, 0, 0, 0, 0, 0, 0, 0, 88, 166, 869
"/home/amirhosein/Desktop/OOVEST/Backend/BotServer/flaskvenv/lib64/python3.6/site-packages/setuptools/archive_util.py", "Python", 100, 0, 0, 0, 0, 0, 0, 0, 49, 25, 174
"/home/amirhosein/Desktop/OOVEST/Backend/BotServer/flaskvenv/lib64/python3.6/site-packages/setuptools/build_meta.py", "Python", 100, 0, 0, 0, 0, 0, 0, 0, 36, 37, 173
"/home/amirhosein/Desktop/OOVEST/Backend/BotServer/flaskvenv/lib64/python3.6/site-packages/setuptools/command/__init__.py", "Python", 14, 0, 0, 0, 0, 0, 0, 0, 0, 5, 19
"/home/amirhosein/Desktop/OOVEST/Backend/BotServer/flaskvenv/lib64/python3.6/site-packages/setuptools/command/alias.py", "Python", 61, 0, 0, 0, 0, 0, 0, 0, 2, 18, 81
"/home/amirhosein/Desktop/OOVEST/Backend/BotServer/flaskvenv/lib64/python3.6/site-packages/setuptools/command/bdist_egg.py", "Python", 379, 0, 0, 0, 0, 0, 0, 0, 42, 82, 503
"/home/amirhosein/Desktop/OOVEST/Backend/BotServer/flaskvenv/lib64/python3.6/site-packages/setuptools/command/bdist_rpm.py", "Python", 28, 0, 0, 0, 0, 0, 0, 0, 10, 6, 44
"/home/amirhosein/Desktop/OOVEST/Backend/BotServer/flaskvenv/lib64/python3.6/site-packages/setuptools/command/bdist_wininst.py", "Python", 14, 0, 0, 0, 0, 0, 0, 0, 4, 4, 22
"/home/amirhosein/Desktop/OOVEST/Backend/BotServer/flaskvenv/lib64/python3.6/site-packages/setuptools/command/build_clib.py", "Python", 61, 0, 0, 0, 0, 0, 0, 0, 27, 11, 99
"/home/amirhosein/Desktop/OOVEST/Backend/BotServer/flaskvenv/lib64/python3.6/site-packages/setuptools/command/build_ext.py", "Python", 256, 0, 0, 0, 0, 0, 0, 0, 37, 39, 332
"/home/amirhosein/Desktop/OOVEST/Backend/BotServer/flaskvenv/lib64/python3.6/site-packages/setuptools/command/build_py.py", "Python", 194, 0, 0, 0, 0, 0, 0, 0, 40, 37, 271
"/home/amirhosein/Desktop/OOVEST/Backend/BotServer/flaskvenv/lib64/python3.6/site-packages/setuptools/command/develop.py", "Python", 144, 0, 0, 0, 0, 0, 0, 0, 35, 38, 217
"/home/amirhosein/Desktop/OOVEST/Backend/BotServer/flaskvenv/lib64/python3.6/site-packages/setuptools/command/dist_info.py", "Python", 22, 0, 0, 0, 0, 0, 0, 0, 4, 11, 37
"/home/amirhosein/Desktop/OOVEST/Backend/BotServer/flaskvenv/lib64/python3.6/site-packages/setuptools/command/easy_install.py", "Python", 1638, 0, 0, 0, 0, 0, 0, 0, 447, 305, 2390
"/home/amirhosein/Desktop/OOVEST/Backend/BotServer/flaskvenv/lib64/python3.6/site-packages/setuptools/command/egg_info.py", "Python", 463, 0, 0, 0, 0, 0, 0, 0, 120, 114, 697
"/home/amirhosein/Desktop/OOVEST/Backend/BotServer/flaskvenv/lib64/python3.6/site-packages/setuptools/command/install.py", "Python", 84, 0, 0, 0, 0, 0, 0, 0, 20, 22, 126
"/home/amirhosein/Desktop/OOVEST/Backend/BotServer/flaskvenv/lib64/python3.6/site-packages/setuptools/command/install_egg_info.py", "Python", 63, 0, 0, 0, 0, 0, 0, 0, 6, 14, 83
"/home/amirhosein/Desktop/OOVEST/Backend/BotServer/flaskvenv/lib64/python3.6/site-packages/setuptools/command/install_lib.py", "Python", 94, 0, 0, 0, 0, 0, 0, 0, 27, 28, 149
"/home/amirhosein/Desktop/OOVEST/Backend/BotServer/flaskvenv/lib64/python3.6/site-packages/setuptools/command/install_scripts.py", "Python", 49, 0, 0, 0, 0, 0, 0, 0, 6, 11, 66
"/home/amirhosein/Desktop/OOVEST/Backend/BotServer/flaskvenv/lib64/python3.6/site-packages/setuptools/command/launcher manifest.xml", "XML", 0, 0, 0, 0, 0, 0, 0, 14, 1, 1, 16
"/home/amirhosein/Desktop/OOVEST/Backend/BotServer/flaskvenv/lib64/python3.6/site-packages/setuptools/command/py36compat.py", "Python", 80, 0, 0, 0, 0, 0, 0, 0, 39, 18, 137
"/home/amirhosein/Desktop/OOVEST/Backend/BotServer/flaskvenv/lib64/python3.6/site-packages/setuptools/command/register.py", "Python", 6, 0, 0, 0, 0, 0, 0, 0, 1, 4, 11
"/home/amirhosein/Desktop/OOVEST/Backend/BotServer/flaskvenv/lib64/python3.6/site-packages/setuptools/command/rotate.py", "Python", 54, 0, 0, 0, 0, 0, 0, 0, 1, 12, 67
"/home/amirhosein/Desktop/OOVEST/Backend/BotServer/flaskvenv/lib64/python3.6/site-packages/setuptools/command/saveopts.py", "Python", 13, 0, 0, 0, 0, 0, 0, 0, 1, 9, 23
"/home/amirhosein/Desktop/OOVEST/Backend/BotServer/flaskvenv/lib64/python3.6/site-packages/setuptools/command/sdist.py", "Python", 135, 0, 0, 0, 0, 0, 0, 0, 32, 34, 201
"/home/amirhosein/Desktop/OOVEST/Backend/BotServer/flaskvenv/lib64/python3.6/site-packages/setuptools/command/setopt.py", "Python", 114, 0, 0, 0, 0, 0, 0, 0, 13, 23, 150
"/home/amirhosein/Desktop/OOVEST/Backend/BotServer/flaskvenv/lib64/python3.6/site-packages/setuptools/command/test.py", "Python", 190, 0, 0, 0, 0, 0, 0, 0, 34, 45, 269
"/home/amirhosein/Desktop/OOVEST/Backend/BotServer/flaskvenv/lib64/python3.6/site-packages/setuptools/command/upload.py", "Python", 25, 0, 0, 0, 0, 0, 0, 0, 12, 6, 43
"/home/amirhosein/Desktop/OOVEST/Backend/BotServer/flaskvenv/lib64/python3.6/site-packages/setuptools/command/upload_docs.py", "Python", 165, 0, 0, 0, 0, 0, 0, 0, 17, 25, 207
"/home/amirhosein/Desktop/OOVEST/Backend/BotServer/flaskvenv/lib64/python3.6/site-packages/setuptools/config.py", "Python", 297, 0, 0, 0, 0, 0, 0, 0, 152, 108, 557
"/home/amirhosein/Desktop/OOVEST/Backend/BotServer/flaskvenv/lib64/python3.6/site-packages/setuptools/dep_util.py", "Python", 11, 0, 0, 0, 0, 0, 0, 0, 9, 4, 24
"/home/amirhosein/Desktop/OOVEST/Backend/BotServer/flaskvenv/lib64/python3.6/site-packages/setuptools/depends.py", "Python", 104, 0, 0, 0, 0, 0, 0, 0, 39, 44, 187
"/home/amirhosein/Desktop/OOVEST/Backend/BotServer/flaskvenv/lib64/python3.6/site-packages/setuptools/dist.py", "Python", 643, 0, 0, 0, 0, 0, 0, 0, 272, 156, 1071
"/home/amirhosein/Desktop/OOVEST/Backend/BotServer/flaskvenv/lib64/python3.6/site-packages/setuptools/extension.py", "Python", 29, 0, 0, 0, 0, 0, 0, 0, 15, 14, 58
"/home/amirhosein/Desktop/OOVEST/Backend/BotServer/flaskvenv/lib64/python3.6/site-packages/setuptools/extern/__init__.py", "Python", 42, 0, 0, 0, 0, 0, 0, 0, 22, 10, 74
"/home/amirhosein/Desktop/OOVEST/Backend/BotServer/flaskvenv/lib64/python3.6/site-packages/setuptools/glibc.py", "Python", 35, 0, 0, 0, 0, 0, 0, 0, 39, 13, 87
"/home/amirhosein/Desktop/OOVEST/Backend/BotServer/flaskvenv/lib64/python3.6/site-packages/setuptools/glob.py", "Python", 104, 0, 0, 0, 0, 0, 0, 0, 44, 29, 177
"/home/amirhosein/Desktop/OOVEST/Backend/BotServer/flaskvenv/lib64/python3.6/site-packages/setuptools/launch.py", "Python", 18, 0, 0, 0, 0, 0, 0, 0, 10, 8, 36
"/home/amirhosein/Desktop/OOVEST/Backend/BotServer/flaskvenv/lib64/python3.6/site-packages/setuptools/lib2to3_ex.py", "Python", 42, 0, 0, 0, 0, 0, 0, 0, 10, 11, 63
"/home/amirhosein/Desktop/OOVEST/Backend/BotServer/flaskvenv/lib64/python3.6/site-packages/setuptools/monkey.py", "Python", 104, 0, 0, 0, 0, 0, 0, 0, 53, 41, 198
"/home/amirhosein/Desktop/OOVEST/Backend/BotServer/flaskvenv/lib64/python3.6/site-packages/setuptools/msvc.py", "Python", 687, 0, 0, 0, 0, 0, 0, 0, 462, 154, 1303
"/home/amirhosein/Desktop/OOVEST/Backend/BotServer/flaskvenv/lib64/python3.6/site-packages/setuptools/namespaces.py", "Python", 76, 0, 0, 0, 0, 0, 0, 0, 11, 21, 108
"/home/amirhosein/Desktop/OOVEST/Backend/BotServer/flaskvenv/lib64/python3.6/site-packages/setuptools/package_index.py", "Python", 788, 0, 0, 0, 0, 0, 0, 0, 163, 169, 1120
"/home/amirhosein/Desktop/OOVEST/Backend/BotServer/flaskvenv/lib64/python3.6/site-packages/setuptools/pep425tags.py", "Python", 187, 0, 0, 0, 0, 0, 0, 0, 74, 56, 317
"/home/amirhosein/Desktop/OOVEST/Backend/BotServer/flaskvenv/lib64/python3.6/site-packages/setuptools/py27compat.py", "Python", 12, 0, 0, 0, 0, 0, 0, 0, 7, 10, 29
"/home/amirhosein/Desktop/OOVEST/Backend/BotServer/flaskvenv/lib64/python3.6/site-packages/setuptools/py31compat.py", "Python", 26, 0, 0, 0, 0, 0, 0, 0, 7, 9, 42
"/home/amirhosein/Desktop/OOVEST/Backend/BotServer/flaskvenv/lib64/python3.6/site-packages/setuptools/py33compat.py", "Python", 33, 0, 0, 0, 0, 0, 0, 0, 1, 21, 55
"/home/amirhosein/Desktop/OOVEST/Backend/BotServer/flaskvenv/lib64/python3.6/site-packages/setuptools/py36compat.py", "Python", 52, 0, 0, 0, 0, 0, 0, 0, 15, 16, 83
"/home/amirhosein/Desktop/OOVEST/Backend/BotServer/flaskvenv/lib64/python3.6/site-packages/setuptools/sandbox.py", "Python", 316, 0, 0, 0, 0, 0, 0, 0, 76, 100, 492
"/home/amirhosein/Desktop/OOVEST/Backend/BotServer/flaskvenv/lib64/python3.6/site-packages/setuptools/site-patch.py", "Python", 57, 0, 0, 0, 0, 0, 0, 0, 4, 14, 75
"/home/amirhosein/Desktop/OOVEST/Backend/BotServer/flaskvenv/lib64/python3.6/site-packages/setuptools/ssl_support.py", "Python", 164, 0, 0, 0, 0, 0, 0, 0, 52, 45, 261
"/home/amirhosein/Desktop/OOVEST/Backend/BotServer/flaskvenv/lib64/python3.6/site-packages/setuptools/unicode_utils.py", "Python", 29, 0, 0, 0, 0, 0, 0, 0, 5, 11, 45
"/home/amirhosein/Desktop/OOVEST/Backend/BotServer/flaskvenv/lib64/python3.6/site-packages/setuptools/version.py", "Python", 5, 0, 0, 0, 0, 0, 0, 0, 0, 2, 7
"/home/amirhosein/Desktop/OOVEST/Backend/BotServer/flaskvenv/lib64/python3.6/site-packages/setuptools/wheel.py", "Python", 135, 0, 0, 0, 0, 0, 0, 0, 14, 15, 164
"/home/amirhosein/Desktop/OOVEST/Backend/BotServer/flaskvenv/lib64/python3.6/site-packages/setuptools/windows_support.py", "Python", 16, 0, 0, 0, 0, 0, 0, 0, 7, 7, 30
"/home/amirhosein/Desktop/OOVEST/Backend/BotServer/flaskvenv/lib64/python3.6/site-packages/werkzeug/__init__.py", "Python", 5, 0, 0, 0, 0, 0, 0, 0, 14, 2, 21
"/home/amirhosein/Desktop/OOVEST/Backend/BotServer/flaskvenv/lib64/python3.6/site-packages/werkzeug/_compat.py", "Python", 164, 0, 0, 0, 0, 0, 0, 0, 13, 52, 229
"/home/amirhosein/Desktop/OOVEST/Backend/BotServer/flaskvenv/lib64/python3.6/site-packages/werkzeug/_internal.py", "Python", 300, 0, 0, 0, 0, 0, 0, 0, 97, 77, 474
"/home/amirhosein/Desktop/OOVEST/Backend/BotServer/flaskvenv/lib64/python3.6/site-packages/werkzeug/_reloader.py", "Python", 238, 0, 0, 0, 0, 0, 0, 0, 43, 61, 342
"/home/amirhosein/Desktop/OOVEST/Backend/BotServer/flaskvenv/lib64/python3.6/site-packages/werkzeug/datastructures.py", "Python", 1651, 0, 0, 0, 0, 0, 0, 0, 996, 474, 3121
"/home/amirhosein/Desktop/OOVEST/Backend/BotServer/flaskvenv/lib64/python3.6/site-packages/werkzeug/debug/__init__.py", "Python", 334, 0, 0, 0, 0, 0, 0, 0, 101, 64, 499
"/home/amirhosein/Desktop/OOVEST/Backend/BotServer/flaskvenv/lib64/python3.6/site-packages/werkzeug/debug/console.py", "Python", 154, 0, 0, 0, 0, 0, 0, 0, 17, 48, 219
"/home/amirhosein/Desktop/OOVEST/Backend/BotServer/flaskvenv/lib64/python3.6/site-packages/werkzeug/debug/repr.py", "Python", 224, 0, 0, 0, 0, 0, 0, 0, 36, 38, 298
"/home/amirhosein/Desktop/OOVEST/Backend/BotServer/flaskvenv/lib64/python3.6/site-packages/werkzeug/debug/shared/debugger.js", "JavaScript", 0, 0, 0, 0, 0, 173, 0, 0, 22, 16, 211
"/home/amirhosein/Desktop/OOVEST/Backend/BotServer/flaskvenv/lib64/python3.6/site-packages/werkzeug/debug/shared/jquery.js", "JavaScript", 0, 0, 0, 0, 0, 1, 0, 0, 1, 1, 3
"/home/amirhosein/Desktop/OOVEST/Backend/BotServer/flaskvenv/lib64/python3.6/site-packages/werkzeug/debug/shared/style.css", "CSS", 0, 0, 0, 0, 0, 0, 135, 0, 1, 19, 155
"/home/amirhosein/Desktop/OOVEST/Backend/BotServer/flaskvenv/lib64/python3.6/site-packages/werkzeug/debug/tbtools.py", "Python", 398, 0, 0, 0, 0, 0, 0, 0, 153, 78, 629
"/home/amirhosein/Desktop/OOVEST/Backend/BotServer/flaskvenv/lib64/python3.6/site-packages/werkzeug/exceptions.py", "Python", 320, 0, 0, 0, 0, 0, 0, 0, 357, 153, 830
"/home/amirhosein/Desktop/OOVEST/Backend/BotServer/flaskvenv/lib64/python3.6/site-packages/werkzeug/filesystem.py", "Python", 28, 0, 0, 0, 0, 0, 0, 0, 27, 10, 65
"/home/amirhosein/Desktop/OOVEST/Backend/BotServer/flaskvenv/lib64/python3.6/site-packages/werkzeug/formparser.py", "Python", 349, 0, 0, 0, 0, 0, 0, 0, 166, 70, 585
"/home/amirhosein/Desktop/OOVEST/Backend/BotServer/flaskvenv/lib64/python3.6/site-packages/werkzeug/http.py", "Python", 671, 0, 0, 0, 0, 0, 0, 0, 513, 124, 1308
"/home/amirhosein/Desktop/OOVEST/Backend/BotServer/flaskvenv/lib64/python3.6/site-packages/werkzeug/local.py", "Python", 221, 0, 0, 0, 0, 0, 0, 0, 148, 52, 421
"/home/amirhosein/Desktop/OOVEST/Backend/BotServer/flaskvenv/lib64/python3.6/site-packages/werkzeug/middleware/__init__.py", "Python", 0, 0, 0, 0, 0, 0, 0, 0, 25, 1, 26
"/home/amirhosein/Desktop/OOVEST/Backend/BotServer/flaskvenv/lib64/python3.6/site-packages/werkzeug/middleware/dispatcher.py", "Python", 19, 0, 0, 0, 0, 0, 0, 0, 40, 8, 67
"/home/amirhosein/Desktop/OOVEST/Backend/BotServer/flaskvenv/lib64/python3.6/site-packages/werkzeug/middleware/http_proxy.py", "Python", 124, 0, 0, 0, 0, 0, 0, 0, 61, 35, 220
"/home/amirhosein/Desktop/OOVEST/Backend/BotServer/flaskvenv/lib64/python3.6/site-packages/werkzeug/middleware/lint.py", "Python", 298, 0, 0, 0, 0, 0, 0, 0, 39, 72, 409
"/home/amirhosein/Desktop/OOVEST/Backend/BotServer/flaskvenv/lib64/python3.6/site-packages/werkzeug/middleware/profiler.py", "Python", 62, 0, 0, 0, 0, 0, 0, 0, 57, 14, 133
"/home/amirhosein/Desktop/OOVEST/Backend/BotServer/flaskvenv/lib64/python3.6/site-packages/werkzeug/middleware/proxy_fix.py", "Python", 61, 0, 0, 0, 0, 0, 0, 0, 97, 12, 170
"/home/amirhosein/Desktop/OOVEST/Backend/BotServer/flaskvenv/lib64/python3.6/site-packages/werkzeug/middleware/shared_data.py", "Python", 168, 0, 0, 0, 0, 0, 0, 0, 75, 51, 294
"/home/amirhosein/Desktop/OOVEST/Backend/BotServer/flaskvenv/lib64/python3.6/site-packages/werkzeug/posixemulation.py", "Python", 83, 0, 0, 0, 0, 0, 0, 0, 21, 14, 118
"/home/amirhosein/Desktop/OOVEST/Backend/BotServer/flaskvenv/lib64/python3.6/site-packages/werkzeug/routing.py", "Python", 1072, 0, 0, 0, 0, 0, 0, 0, 914, 225, 2211
"/home/amirhosein/Desktop/OOVEST/Backend/BotServer/flaskvenv/lib64/python3.6/site-packages/werkzeug/security.py", "Python", 118, 0, 0, 0, 0, 0, 0, 0, 95, 37, 250
"/home/amirhosein/Desktop/OOVEST/Backend/BotServer/flaskvenv/lib64/python3.6/site-packages/werkzeug/serving.py", "Python", 699, 0, 0, 0, 0, 0, 0, 0, 262, 157, 1118
"/home/amirhosein/Desktop/OOVEST/Backend/BotServer/flaskvenv/lib64/python3.6/site-packages/werkzeug/test.py", "Python", 672, 0, 0, 0, 0, 0, 0, 0, 314, 138, 1124
"/home/amirhosein/Desktop/OOVEST/Backend/BotServer/flaskvenv/lib64/python3.6/site-packages/werkzeug/testapp.py", "Python", 86, 0, 0, 0, 0, 0, 0, 0, 135, 21, 242
"/home/amirhosein/Desktop/OOVEST/Backend/BotServer/flaskvenv/lib64/python3.6/site-packages/werkzeug/urls.py", "Python", 562, 0, 0, 0, 0, 0, 0, 0, 427, 150, 1139
"/home/amirhosein/Desktop/OOVEST/Backend/BotServer/flaskvenv/lib64/python3.6/site-packages/werkzeug/useragents.py", "Python", 99, 0, 0, 0, 0, 0, 0, 0, 88, 16, 203
"/home/amirhosein/Desktop/OOVEST/Backend/BotServer/flaskvenv/lib64/python3.6/site-packages/werkzeug/utils.py", "Python", 392, 0, 0, 0, 0, 0, 0, 0, 293, 94, 779
"/home/amirhosein/Desktop/OOVEST/Backend/BotServer/flaskvenv/lib64/python3.6/site-packages/werkzeug/wrappers/__init__.py", "Python", 16, 0, 0, 0, 0, 0, 0, 0, 20, 1, 37
"/home/amirhosein/Desktop/OOVEST/Backend/BotServer/flaskvenv/lib64/python3.6/site-packages/werkzeug/wrappers/accept.py", "Python", 22, 0, 0, 0, 0, 0, 0, 0, 22, 7, 51
"/home/amirhosein/Desktop/OOVEST/Backend/BotServer/flaskvenv/lib64/python3.6/site-packages/werkzeug/wrappers/auth.py", "Python", 18, 0, 0, 0, 0, 0, 0, 0, 7, 9, 34
"/home/amirhosein/Desktop/OOVEST/Backend/BotServer/flaskvenv/lib64/python3.6/site-packages/werkzeug/wrappers/base_request.py", "Python", 281, 0, 0, 0, 0, 0, 0, 0, 333, 60, 674
"/home/amirhosein/Desktop/OOVEST/Backend/BotServer/flaskvenv/lib64/python3.6/site-packages/werkzeug/wrappers/base_response.py", "Python", 309, 0, 0, 0, 0, 0, 0, 0, 333, 59, 701
"/home/amirhosein/Desktop/OOVEST/Backend/BotServer/flaskvenv/lib64/python3.6/site-packages/werkzeug/wrappers/common_descriptors.py", "Python", 220, 0, 0, 0, 0, 0, 0, 0, 95, 27, 342
"/home/amirhosein/Desktop/OOVEST/Backend/BotServer/flaskvenv/lib64/python3.6/site-packages/werkzeug/wrappers/cors.py", "Python", 70, 0, 0, 0, 0, 0, 0, 0, 16, 15, 101
"/home/amirhosein/Desktop/OOVEST/Backend/BotServer/flaskvenv/lib64/python3.6/site-packages/werkzeug/wrappers/etag.py", "Python", 152, 0, 0, 0, 0, 0, 0, 0, 119, 34, 305
"/home/amirhosein/Desktop/OOVEST/Backend/BotServer/flaskvenv/lib64/python3.6/site-packages/werkzeug/wrappers/json.py", "Python", 76, 0, 0, 0, 0, 0, 0, 0, 43, 27, 146
"/home/amirhosein/Desktop/OOVEST/Backend/BotServer/flaskvenv/lib64/python3.6/site-packages/werkzeug/wrappers/request.py", "Python", 20, 0, 0, 0, 0, 0, 0, 0, 22, 8, 50
"/home/amirhosein/Desktop/OOVEST/Backend/BotServer/flaskvenv/lib64/python3.6/site-packages/werkzeug/wrappers/response.py", "Python", 48, 0, 0, 0, 0, 0, 0, 0, 20, 17, 85
"/home/amirhosein/Desktop/OOVEST/Backend/BotServer/flaskvenv/lib64/python3.6/site-packages/werkzeug/wrappers/user_agent.py", "Python", 6, 0, 0, 0, 0, 0, 0, 0, 5, 4, 15
"/home/amirhosein/Desktop/OOVEST/Backend/BotServer/flaskvenv/lib64/python3.6/site-packages/werkzeug/wsgi.py", "Python", 473, 0, 0, 0, 0, 0, 0, 0, 425, 103, 1001
"/home/amirhosein/Desktop/OOVEST/Backend/BotServer/flaskvenv/pyvenv.cfg", "Properties", 0, 3, 0, 0, 0, 0, 0, 0, 0, 1, 4
"Total", "-", 118640, 3, 21, 6, 690, 348, 270, 59, 58568, 29469, 208074